obs,How many times in the last week did you do the following? - Make and eat lunch at home,How many times in the last week did you do the following? - Bring own lunch to work,"How many times in the last week did you do the following? - Buy lunch at workplace (e.g., cafeteria)",How many times in the last week did you do the following? - Buy lunch at a restaurant / food court / food truck,How many times in the last week did you do the following? - Skipped lunch / ate a small snack item,How many times in the last week did you do the following? - Other (please specify):,Please specify the top five restaurants you have visited in the last six months in order of visit frequency.      - Most frequent,Please specify the top five restaurants you have visited in the last six months in order of visit frequency.      - Second most frequent,Please specify the top five restaurants you have visited in the last six months in order of visit frequency.      - Third most frequent,Please specify the top five restaurants you have visited in the last six months in order of visit frequency.      - Fourth most frequent,Please specify the top five restaurants you have visited in the last six months in order of visit frequency.      - Fifth most frequent,Have you ever visited Sticks Kebob Shop?,How did you first find out about Sticks? - Heard from a friend or colleague,"How did you first find out about Sticks? - Saw in media ( print or online-Facebook, blog, review)","How did you first find out about Sticks? - Direct marketing ( e.g., Valpak, Groupon)",How did you first find out about Sticks? - Noticed while driving or walking by restaurant,"How did you first find out about Sticks? - Noticed from catering at workplace ( e.g., menu stack)",How did you first find out about Sticks? - Noticed at outdoor event / food festival,How did you first find out about Sticks? - Other (please specify),Have you eaten at Sticks in the past three months?,"In the last month, how often have you visited Sticks for the following occasions? - Weekday lunch","In the last month, how often have you visited Sticks for the following occasions? - Weekday dinner","In the last month, how often have you visited Sticks for the following occasions? - Weekend lunch","In the last month, how often have you visited Sticks for the following occasions? - Weekend dinner","In the last month, how often have you visited Sticks for the following occasions? - Sticks event ( catering at work, food festival)","In the last month, how often have you visited Sticks for the following occasions? - After school snack or after sports practice / event","In the last month, how often have you visited Sticks for the following occasions? - Other (please specify)",Please indicate how important the following factors are when you visit a restaurant  - Convenient place to eat,Please indicate how important the following factors are when you visit a restaurant  - Variety of menu options,Please indicate how important the following factors are when you visit a restaurant  - Good value for money,Please indicate how important the following factors are when you visit a restaurant  - Healthy menu options,Please indicate how important the following factors are when you visit a restaurant  - Food taste and satisfaction,Please indicate how important the following factors are when you visit a restaurant  - Friendly staff,Please indicate how important the following factors are when you visit a restaurant  - Pleasant ambiance,Please indicate how important the following factors are when you visit a restaurant  - Consistency / reliability,Please indicate how important the following factors are when you visit a restaurant  - Part of community,Please indicate how important the following factors are when you visit a restaurant  - Other (please specify),Please indicate how you rate Sticks in comparison to similar restaurants that you visit regularly  - Convenient place to eat,Please indicate how you rate Sticks in comparison to similar restaurants that you visit regularly  - Variety of menu options,Please indicate how you rate Sticks in comparison to similar restaurants that you visit regularly  - Good value for money,Please indicate how you rate Sticks in comparison to similar restaurants that you visit regularly  - Healthy menu options,Please indicate how you rate Sticks in comparison to similar restaurants that you visit regularly  - Food taste and satisfaction,Please indicate how you rate Sticks in comparison to similar restaurants that you visit regularly  - Friendly staff,Please indicate how you rate Sticks in comparison to similar restaurants that you visit regularly  - Pleasant ambiance,Please indicate how you rate Sticks in comparison to similar restaurants that you visit regularly  - Consistency / reliability,Please indicate how you rate Sticks in comparison to similar restaurants that you visit regularly  - Part of community,Please indicate how you rate Sticks in comparison to similar restaurants that you visit regularly  - Other (please specify),What is your gender?,What is your age?,What is your approximate average annual household income?,How would you best describe your household type?,"How many children, by age, currently live in your household? - less than 12 years old","How many children, by age, currently live in your household? - 12-17 years old","How many children, by age, currently live in your household? - 18 and older",Please indicate your best answers to the following: - I tend to plan things very carefully,Please indicate your best answers to the following: - I sometimes have trouble controlling my spending,Please indicate your best answers to the following: - I think it is important to purchase products that are made locally,Please indicate your best answers to the following: - I carefully consider the health benefits of what I eat,Please indicate your best answers to the following: - Comments:,What is your profession? - Accountant,What is your profession? - Lawyer,What is your profession? - General purpose contractor,What is your profession? - Design,What is your profession? - Educator,What is your profession? - Homemaker,What is your profession? - Business professional,What is your profession? - Other (please specify),"If you have children living at home, in what activities do they participate?  Please check all that apply. - Soccer","If you have children living at home, in what activities do they participate?  Please check all that apply. - Football","If you have children living at home, in what activities do they participate?  Please check all that apply. - Tennis","If you have children living at home, in what activities do they participate?  Please check all that apply. - Lacrosse","If you have children living at home, in what activities do they participate?  Please check all that apply. - Swimming","If you have children living at home, in what activities do they participate?  Please check all that apply. - Music","If you have children living at home, in what activities do they participate?  Please check all that apply. - Hiking","If you have children living at home, in what activities do they participate?  Please check all that apply. - Visiting local attractions","If you have children living at home, in what activities do they participate?  Please check all that apply. - Visiting children's museums","If you have children living at home, in what activities do they participate?  Please check all that apply. - Attending local sporting events","If you have children living at home, in what activities do they participate?  Please check all that apply. - Other (please specify)",In what activities or hobbies do you participate yourself? - Volunteer work,In what activities or hobbies do you participate yourself? - Tennis,In what activities or hobbies do you participate yourself? - Swimming,In what activities or hobbies do you participate yourself? - Skiing / snow boarding,In what activities or hobbies do you participate yourself? - Running,In what activities or hobbies do you participate yourself? - Hiking,In what activities or hobbies do you participate yourself? - Golf,In what activities or hobbies do you participate yourself? - Gardening,In what activities or hobbies do you participate yourself? - Fishing,In what activities or hobbies do you participate yourself? - Camping,In what activities or hobbies do you participate yourself? - Bicycling,In what activities or hobbies do you participate yourself? - Yoga,In what activities or hobbies do you participate yourself? - Book clubs,In what activities or hobbies do you participate yourself? - Eating out,In what activities or hobbies do you participate yourself? - Attending local sports events,In what activities or hobbies do you participate yourself? - Visiting museums,In what activities or hobbies do you participate yourself? - Kid's activities,In what activities or hobbies do you participate yourself? - Other (please specify),"In the last month, how many times have you used coupons when you visited a restaurant?",How do you find restaurant coupons?  Please check all that apply. - Valpak or other direct mail items,"How do you find restaurant coupons?  Please check all that apply. - Coupon from coupon site or blog ( e.g., print at home)",How do you find restaurant coupons?  Please check all that apply. - Groupon or other social / daily deal offers,How do you find restaurant coupons?  Please check all that apply. - Store receipt offer ( from previous visit),"How do you find restaurant coupons?  Please check all that apply. - Loyalty card reward ( e.g., 10th visit free meal)","How do you find restaurant coupons?  Please check all that apply. - Offers mentioned in media: radio, tv, newspaper, etc.",How do you find restaurant coupons?  Please check all that apply. - Other (please specify)
292.00,1,3,1,4,1,,sticks kebab shop,panera,starbucks,five guys,chipotle,1,,,,4,,,wnrn radio ads,1,6,4,6,6,6,6,,1,2,1,1,1,2,1,1,2,,3,2,1,1,1,2,2,1,2,,1,3,2,1,,,,3,3,2,1,,,,,,,,7,,,,,,,,,,,,,,,,,,6,,8,,,11,12,13,14,,16,,,1,,,,,,,
306.00,1,1,2,4,2,,Everyday Cafe,Christians,Sticks,McDonalds,Wendys,1,,,,4,,,,1,3,6,6,6,6,6,,1,3,1,4,1,2,2,2,4,,3,4,2,2,2,2,2,2,6,,1,2,1,2,1,,,3,2,,3,,,,,,,6,,Insurance professional,,2,,,,,,,,10,,,,,,,,,,,,,,,,15,,17,,2,,,,,5,6,
314.00,,6,,,,,Chipotle,Sticks,Osaka Sushi,Plaza Azteca,Superstars,1,1,,,,,,,1,6,2,6,2,6,6,,1,1,1,1,1,1,1,1,1,,3,3,3,2,3,2,2,3,2,,1,2,3,2,0,0,0,2,2,2,2,,,,,,,,7,Nurse,,,,,,,,,,,,1,2,3,,5,,,,,,11,,,14,15,16,,,1,,,,,,,
332.00,3,2,1,6,1,,Chipotle,Sticks,Noodles and co,Wendy's,Burger king,1,,,,4,,,,1,5,1,1,1,6,6,,1,2,1,1,1,2,2,2,2,,2,2,2,1,1,1,1,1,3,,1,2,3,2,Two,,,2,3,2,2,,,,,,,6,,,1,,,,,,,,,,,,,,,5,,,,,,,12,,14,,,,,4,,2,3,,5,,
346.00,4,1,2,2,1,,Panera,Chick Fil A,Champps,Moe's,Toast,1,,,,,5,,,2,,,,,,,,2,2,1,1,1,2,2,1,2,,3,2,3,2,2,3,3,2,3,,1,3,3,2,1,,,1,4,2,2,,,,,,,,7,,1,,3,,5,,,8,9,10,"Gymnastics, basketball",1,2,3,,5,,7,,,,11,,13,14,15,16,17,,3,1,,3,4,5,,
347.00,1,5,1,2,1,,Mediterreaneo,Plaza Azteca,Jason's Deli,Chipotle,Sticks,1,1,,,,,,,1,1,6,6,6,6,6,,1,2,2,2,1,2,2,1,2,,1,1,2,2,2,2,2,2,6,,1,2,2,2,1,,,2,4,2,2,,,,,,,,7,Scientist,1,,,,,,,,9,,,,,,,,,,,,,,,13,,,16,17,,2,1,2,3,,5,,
357.00,5,1,1,3,1,,Chipolte,Sticks,Christians,,,1,,,3,,,,,1,3,1,1,6,6,6,,1,2,1,1,1,2,2,1,2,,3,3,2,1,1,1,2,1,1,,1,2,3,2,2,,,1,4,2,1,,,,,,,6,,,1,,,,5,,7,,,,,,,,,5,,,,,,11,,,,,,,,2,1,,,,5,,
366.00,4,4,3,3,2,,Bodo's,Cookout,Stick's,Belmont BBQ,Panera,1,1,,,,,,,1,3,3,1,1,6,6,,2,1,1,1,1,1,1,2,2,,1,1,1,1,1,1,1,1,1,,1,1,1,1,,,,1,2,1,1,,,,,,5,,,student,,,,,,,,,,,,1,2,,4,5,,,,,,11,12,,14,,16,,,2,,2,3,4,,,
369.00,1,2,2,2,1,,El vaquero west,Dogwood,Sticks,Riverside,Zazus,1,1,,,,,,,1,1,6,6,6,1,6,,1,1,1,1,1,1,3,1,2,,3,1,1,1,1,1,2,1,2,,1,2,2,2,0,0,0,2,2,2,2,,,,,,,,7,,,,,,,,,,,,,,,,,,,,8,,,,,,14,15,,,,2,1,2,3,4,5,,
382.00,5,1,1,2,1,,Guadalajara,Chipotle,Beer Run,Papa Johns,Blue Mtn Brewery,1,,2,,,,,,1,1,1,1,1,1,1,,,,,,,,,,,,,,,,,,,,,,,,,,,,,,,,,,,,,,,,,,,,,,,,,,,,,,,,,,,,,,,,,,,,,,,,,,,,,,
397.00,,6,1,1,1,,Chipotle,Chick-fil-a,Cogan's,Moe's,Manhatten Bagel,1,1,,,,,,,2,,,,,,,,1,1,1,2,1,2,2,2,2,,3,3,2,1,3,3,3,3,6,,1,2,2,2,0,0,0,1,2,2,2,,,,,,5,,,,,,,,,,,,,,,,,,,5,6,,8,,,,12,,14,15,16,,,2,1,,3,4,5,,
417.00,6,4,3,3,1,,Chipotle,Sticks,Martins,New York deli,Food for tgought,1,,,,4,,,,1,4,4,2,1,6,6,,1,3,1,1,1,1,1,1,1,,1,1,1,1,1,1,1,1,1,,1,3,3,2,1,1,1,3,2,2,1,,,,,,,,7,Dental,,2,,,,6,,,,,,,,,,5,,,,,,,,,14,,,,,3,,,,4,5,,
421.00,2,1,5,2,1,,Sticks,Plaza Azteca,Chez Foushee,Starlite,Qudoba,1,1,,,,,,,1,6,3,4,1,6,6,,2,2,2,3,1,2,2,1,2,,3,3,3,1,1,1,2,1,2,,2,2,3,2,,,,2,4,2,1,,,2,,,,,,,,,,,,,,,,,,1,,,,5,,,8,,,,,,14,,16,,,2,,,3,4,5,,
430.00,3,3,1,4,1,,Arianas kebab,Revolutionary Soup,Panera,Oriental express,Sultans kebab,1,1,,,,,,,2,,,,,,,,2,2,1,1,1,1,2,1,2,,3,3,5,3,3,3,3,3,6,,1,2,1,1,0,0,0,2,2,1,1,,,,,,,,7,,,,,,,,,,,,,,,,,,6,,,9,10,,12,,14,,,,Dancing,1,,,,,,,
434.00,6,1,1,3,1,,Vitos (lovingston),Sticks,Christians,Rev Soup,Just Curry,1,1,,,,,,,1,6,3,6,1,6,6,,2,2,1,1,1,2,2,2,2,,2,1,1,1,1,1,2,1,2,,2,2,3,2,1,,,1,2,1,1,,,2,,,,,,,1,,,,5,,7,,,,,,,,4,,6,,8,,,,,,14,15,,17,,1,,,,,,,
441.00,5,1,1,3,2,,El Jaripeo,McDonald's,Riverside Lunch,Wendy's,Chipotle,2,,,,,,,,,,,,,,,,,,,,,,,,,,,,,,,,,,,,1,3,2,2,3,0,0,2,2,2,2,,,,,,,,7,,1,,,,5,,,,,,,,,,,,,,,,,,,,14,,,,,2,1,,,4,,,
467.00,3,4,1,3,1,,McDonalds,Woodgrill,Hibachi Grill,Wendys,Sticks,1,1,,,,,,,2,,,,,,,,1,2,1,2,1,2,2,1,3,,3,3,4,1,1,3,3,3,6,,2,2,2,2,2,,,2,3,5,3,,,,,,,,7,IT,,,,,,,,,,10,,,,,,5,,,8,,,,,,14,15,,17,,2,1,,,,,,
469.00,2,5,,2,2,,Chick-Fil-A,Pizza,Shorty's,Olive Garden,Pierces,1,,,,4,,,,1,1,1,6,1,1,6,,1,1,1,2,2,2,3,1,3,,3,3,4,,2,3,3,3,6,,1,3,2,2,,1,,2,2,2,3,,,,,,,,7,,,,,,,6,,8,,,,,,,,,,,8,,,,,,14,,16,,reading,5,1,,3,4,5,6,
270.00,2,5,1,2,1,,Arbys,bar at Ellwood Thompson,bar at Whole Foods,Sticks,chic fil a,1,1,,,,,,,1,3,6,6,6,6,6,,2,2,2,2,2,2,3,2,2,,2,2,2,1,1,1,1,1,2,,1,3,1,2,,,1,2,2,2,2,,,,,,,,7,,,,,,,,,,,,,1,,,,,6,,8,9,10,11,12,,,,,,,1,,,,,,,
272.00,5,1,1,4,1,,Chick-fil-a,Pizza Bella,Sticks,Aromas,River Run,1,1,,,,,,,1,2,6,6,6,6,6,,2,2,2,1,1,1,1,1,1,"Local owner, local restaurant",3,3,3,3,3,3,3,3,3,,2,2,1,3,,,,2,3,1,1,,,,,,,,7,Dog catcher,,,,,,,,,,,N/A,1,,,,,6,,,,,,,,14,,,,work out regularly,3,1,,,4,,,
274.00,3,1,1,5,2,,sticks,riverside lunch,tiptop,aqui mexico,beer run,1,1,,,,,,,1,6,4,1,,4,1,,2,2,1,2,1,2,2,1,3,,1,3,2,2,2,3,2,2,6,,2,4,3,2,,,,3,3,2,3,,,,,,,,7,Self Employed,,,,,,,,,,,,,,,,,,7,,,,,,,,,,,,1,,,,,,,
275.00,1,4,1,3,1,,Rapture,Rev soup,Panera,Sticks,Citizen burger,1,,,,4,,,,1,1,2,6,2,1,6,,2,1,1,1,1,2,2,1,1,,2,1,1,1,1,1,3,2,2,,1,3,2,2,,,2,1,4,1,1,,,,,,5,,,,1,,,,,6,7,,,10,,,,,,5,6,,8,,,,12,,14,15,,,,1,,,,,,,
279.00,1,4,1,3,,,Applebees,McDonalds,Wendy's,Chinese,Sticks,1,1,,,,,,,1,1,6,6,6,6,6,,2,2,1,2,1,1,1,1,2,,1,1,2,1,1,2,1,1,2,,1,3,1,1,0,0,0,2,2,5,2,,,,,,,,7,,,,,,,,,,,,,1,,,4,,6,7,,,10,11,,,14,15,16,,,2,1,,,,,,
284.00,2,5,,3,,,Bodos,Voccellis,Boylan heights,Mellow mushroom,Whole foods,1,1,,,,,,,1,1,1,1,1,6,1,,,,,,,,,,,,,,,,,,,,,,,,,,,,,,,,,,,,,,,,,,,,,,,,,,,,,,,,,,,,,,,,,,,,,,,,,,,,,,
299.00,2,1,2,5,2,I work for dominoes.   Eat free za often,Mcdondalds,Wendys,Dominoes,Wing place,Chinese buffet place,2,,,,,,,,,,,,,,,,,,,,,,,,,,,,,,,,,,,,,,,,,,,,,,,,,,,,,,,,,,,,,,,,,,,,,,,,,,,,,,,,,,,,,,,,,,,,
305.00,1,1,1,6,2,,Everyday cafe - Liberty,Mcdonalds,Wendys,Arbys,Burger King,1,1,,,,,,,1,3,1,6,6,6,6,,1,1,1,1,1,1,1,1,1,,1,1,4,1,1,1,1,1,1,,1,2,2,2,2,0,0,3,2,2,2,,,,,,,,7,Insurance Adjuster,,,,,,,,,,,none,,,,,,,,,,,,,,14,,,,,3,,,,,,6,
309.00,3,1,1,4,3,,TAVERN ON THE JAMES,AMICIS,STICKS,CHICK FILET,,1,1,,,,,,,1,2,6,6,6,6,6,,1,1,1,1,1,1,1,1,2,,3,3,3,2,2,3,3,2,3,,1,3,1,2,,,,2,2,2,2,,,,,,,6,,,,,,,,,,,,,,1,,,,,6,,8,,10,,,,14,,,,,1,,,,,,,
310.00,4,2,,3,2,,Bodo's,Sticks,Ariana's,,,1,1,,,,,,,1,6,2,1,6,6,3,,1,1,1,1,1,1,2,1,2,,1,1,4,1,1,1,1,1,1,,2,3,2,2,2,,,3,3,1,1,,,,,,,,7,,,2,3,,,6,7,,,10,,1,2,,4,5,6,,,,10,,,13,14,15,,17,,2,1,2,3,4,5,6,
311.00,2,1,1,4,2,,Carving board,Kyoto,Chick-Fil-A,Sticks,Wendy's,1,1,,,,,,,1,4,4,,,,,,1,2,2,1,1,2,2,1,3,,1,1,2,1,1,3,3,1,3,,1,3,2,2,0,0,0,2,3,2,1,,,,,,,,7,Registered Nurse,,,,,,,,,,,,1,,,,,,,,,,,,,14,,,,"art and theatre, ballroom dancing",1,,,,,,,
315.00,4,2,1,2,2,,Kyung Sung,Center Street Grille,The Cove,Chik Fil A,bUFFALO wILD wINGS,2,,,,,,,,,,,,,,,,,,,,,,,,,,,,,,,,,,,,1,2,1,2,2,,,2,1,1,1,,,,,,,6,,,1,,,,,,7,8,9,10,,,,,,,,,8,9,10,11,,13,14,15,16,17,,2,1,2,3,4,5,,
322.00,3,4,1,2,1,,panera,chipotle,chick fil a,,,1,1,,,,,,,2,,,,,,,,2,2,1,1,1,2,2,1,2,,1,1,1,1,1,1,1,1,1,,1,3,2,2,,,,1,3,2,1,,,,,,,,7,,,,,4,,,,,,,,1,,,,5,,,8,,,,12,,,,,17,,3,1,2,,4,5,,
323.00,5,1,1,2,1,,at home,The Cook Out,Busch Gardens,Sticks,DOG Street Pub,1,,,,4,,,,1,,1,,,,,,1,2,1,1,1,1,1,1,2,,2,3,2,2,2,2,3,2,3,,2,2,1,2,,,,1,1,2,2,,,,,,5,,,Museum Work,,,,,,,,,,,,1,,,,,6,,,9,10,11,,,,,16,,,1,,,,,,,
324.00,4,2,1,3,2,,Zazus,Sticks,Outback,Guadalajara,Plaza Azteca,1,1,,,,,,,1,3,4,2,3,6,6,,1,1,1,1,1,2,2,2,2,,2,3,3,2,2,2,2,2,2,,2,2,2,1,0,0,0,2,4,2,2,,,,,,,,7,IT,,,,,,,,,,,,,,,,5,6,,,,,,,,14,,16,,Soccer,2,1,,3,4,5,6,
329.00,2,5,3,,,,Panera,Sticks,Noodles & Company,Hondos,Burgerworks,1,1,,,,,,,1,2,1,,1,,,,1,2,1,2,1,2,2,1,3,,1,3,4,2,3,3,3,3,6,,1,2,2,1,0,,,1,4,2,1,,,,,4,,,,,,,,,,,,,,,,,2,,,5,6,,,,,11,,,14,,,,,3,1,2,,4,5,,
330.00,1,6,1,1,1,,Outback,Jason's Deli,Mexican,Sticks,Melting Pot,1,1,,,,,,,1,6,3,6,6,6,6,,1,1,1,1,1,1,1,1,3,,4,3,3,2,2,3,3,3,6,,1,2,3,2,0,0,0,1,2,2,2,,,,,,,,7,,,,,,,,,,,,,,,,,5,,,,,,,12,,14,,,,,2,1,,3,,5,,
333.00,1,1,1,6,1,,Shadwells,Applebees,Tubbys,Sticks,Outback,1,1,,,,,,,1,3,1,1,6,6,6,,1,1,1,1,1,1,1,1,1,,2,2,2,2,2,2,2,2,2,,1,3,2,2,,,,1,4,2,2,,,,,,,,7,,,,,,,,,,,,,,,,,,,,,,,,,,,,,,,2,1,2,3,,5,,
335.00,5,6,1,3,1,,Fire House Subs,Sub Way,Noodles,Panera,"Red, Hot and Blue",1,,,,4,,,,1,1,6,1,6,6,6,,1,2,1,2,,1,2,1,2,,2,3,2,2,1,1,2,1,3,,1,3,3,2,,,,1,3,2,2,,,,,,5,,,,,,,,,,,,,,,1,,,,,6,,8,,,,,,14,,16,17,,2,1,,,4,5,,
336.00,4,1,4,2,1,,Sticks,guadelahara,Thai 99,Fry Springs Station,C&O,1,,,,4,,,,1,4,6,1,1,6,6,,2,2,1,1,1,2,2,1,2,,2,2,4,2,2,3,3,2,3,too expensive,1,2,1,2,,,,2,3,2,1,,,,,,5,,,nurse,,,,,,,,,,,,,,3,,5,6,,8,,10,,,,14,15,16,,,1,,,,,,,
337.00,4,3,1,3,1,,Sticks,Bodos,Panera,Subway,brixx,1,1,,,,,,,1,1,3,1,3,6,6,,1,3,2,1,1,2,2,1,2,,3,3,2,1,1,2,3,1,2,,1,3,3,2,0,0,0,2,4,1,1,,,,,,,6,,registered nurse,,,,,,,,,,,,1,,,,,6,,,,,,12,,,,16,,,1,,,,,,,
339.00,3,1,1,5,2,,Ruby Tuesday,Whole Foods,Sticks,Panera,Aromas,1,1,,,,,,,1,6,3,6,1,6,6,,1,2,2,3,2,3,4,2,2,,1,3,2,2,2,3,3,3,2,,1,4,3,2,0,0,0,3,4,2,2,,,,,4,,,,retired,,,,,,,,,,,no children,1,,,,,,,,,,,12,13,14,15,,,,2,,,,4,5,,
345.00,4,1,1,2,1,,Panera,Chick Fil A,Moe's,Champps,Toast,1,,,,,5,,,2,,,,,,,,2,2,1,2,1,2,2,1,2,,3,2,3,2,2,3,3,2,3,,1,3,3,2,1,,,1,4,2,2,,,,,,,,7,,1,,3,,5,,,8,9,10,"Gymnastics, Basketball",1,2,3,,5,,7,,,,11,,13,14,15,16,17,,3,1,,3,4,5,,
348.00,3,4,1,3,1,,Chipotle,Sticks,Panera,A food truck,Arbys,1,1,,,,,,,1,3,6,6,6,6,6,,1,2,1,3,1,2,2,1,3,,3,3,3,6,2,3,3,3,6,,1,1,1,2,,,,2,3,2,3,,,,,,,,7,,,,,,,,,,,,,1,,,,5,,,,,,,,,14,,,,,2,,,3,,,,
349.00,3,5,1,2,1,,Chipotle,Panera,Sticks,Sticky Rice,08/01/2002,1,,,,4,,,,1,3,1,6,6,6,6,,1,4,1,1,1,5,5,4,5,,1,4,5,1,1,3,3,2,3,,1,2,2,2,0,0,0,1,4,4,1,,,,,,,,7,Scientist,,,,,,,,,,,,1,,,,5,,,,,,,,,14,15,16,,,4,,2,3,4,5,,
361.00,1,2,1,5,,,Sticks Kebob Shop,Christians Pizza,Wendy's,Bodo's,Taco Bell,1,,,,4,,,,1,4,6,6,6,6,6,,1,1,1,1,1,1,1,1,1,,1,1,1,1,1,1,1,1,1,,1,3,1,1,0,0,0,1,4,1,1,,,,,,,,7,,,,,,,,,,,,,,,,,,6,,8,,,,,,14,,16,,reading mysteries,2,1,,3,,5,,Attractions Book
371.00,2,5,1,2,1,,Rico's,tazikis,Panera,Chick-Fil-A,Chipotle,1,1,,,,,,,1,6,1,6,6,6,6,,2,2,2,2,1,3,2,2,4,,2,3,3,2,2,3,3,3,6,,1,2,3,2,0,0,2,2,3,3,3,,,,,,,,7,,,,,,,,,,,,,,,,,,,,,,,,,,14,,,,,1,,,,,,,
375.00,4,4,1,1,2,,Eppies,Royal Indian,Sticks,Bodos,Maharaja,1,,,,4,,,,1,1,6,6,1,6,6,,1,1,1,1,1,2,1,1,1,,1,1,2,2,1,3,3,3,3,,1,3,3,2,0,0,0,1,4,1,1,,,,,,5,,,,,,,,,,,,,,,1,,,,,6,,8,,,,12,,14,,16,,,3,1,2,,,5,,
379.00,5,2,1,3,,,Lord Hardwicks,Riverside,The Nook,Eppies,Papa Johns,1,,2,,,,,,1,1,6,1,6,2,6,,2,1,2,1,2,2,3,2,2,,3,2,4,2,2,3,3,2,2,,1,3,2,2,0,0,0,1,2,1,1,,,,,4,,,,,,,,,,,,,,,,1,,,,5,,,,,,11,,,14,,,,,2,1,,3,4,5,,
384.00,3,1,1,5,2,,Sticks,Mykonos Cafe,Lord Hardwick's,Logan's Roadhouse (Waynesboro),Otto's (Crozet),1,,,,4,,,,1,4,6,1,6,6,6,,2,2,2,3,1,2,2,1,4,,3,3,2,2,2,1,3,2,1,,2,3,2,2,0,0,0,3,2,4,3,,,,,,,,7,Arts management/production,,,,,,,,,,,,1,,3,,,,,,,,,,,14,,,,,1,,,,,,,
385.00,1,4,1,3,1,,Sticks,Outback,Timberwood,,,1,,,,4,,,,1,6,6,4,1,6,6,,1,1,1,1,1,1,1,1,2,,1,2,1,1,1,1,1,1,2,,1,2,3,2,0,0,0,1,3,2,1,,,,,,,,7,IT Programmer Analyst,,,,,,,,,,,no children,1,,,,5,6,,8,,,,12,,14,,16,,,1,,,,,,,
388.00,3,6,1,1,1,,Richardson Cafe (Local Restaurant),Starbucks,Panera Bread,Sticks,Grecian Plate,1,,,,4,,,,1,1,6,6,6,6,6,,2,1,1,1,1,1,2,1,2,,2,2,3,2,2,3,3,2,2,,1,3,2,2,0,0,0,3,2,2,1,,,,,,,,7,,,,,,,,,,,,,,,3,,,6,,,,10,11,12,,14,,16,,,2,,2,3,4,5,,
400.00,2,2,1,3,4,,Chick-fil-a,Cracker Barrel,Sticks,Noodles and Company,Ruby Tuesdays,1,1,,,,,,,1,6,1,6,6,6,6,,2,2,1,1,1,1,2,1,1,,2,2,2,1,1,1,2,1,1,,1,3,2,2,0,0,3,2,3,1,1,,,,,,5,,,,,,,,,,,,,10,,1,,,,,,,,,,,,13,14,15,16,,knitting,4,1,,3,4,5,,email offer
401.00,5,1,1,4,,,Pizza express,Tiki tiki,Chik-fil-a,Mall food court,Caffespresso,1,1,,,,,,,1,6,1,6,6,6,6,,1,1,1,1,1,2,2,1,1,,4,4,3,1,2,3,3,3,2,,1,3,3,2,3,,,2,3,1,2,,,,,,5,,,,1,2,3,,5,6,,8,,10,Univ. of richmond events,1,2,,,,,,,,,,,,14,15,,17,,3,1,,3,,5,,
429.00,5,1,1,4,1,,Bodo's Bagels,Panera,Mudhouse,Bellair Market,Little John's,1,1,,,,,,,2,,,,,,,,1,2,1,1,1,1,2,2,2,,3,3,3,2,2,2,2,2,2,,1,1,1,1,,,,2,2,2,2,,,,,,,,7,Student,,,,,,,,,,,,1,,,,5,,,,,,,,,14,,,,,1,,,,,,,
431.00,3,,1,5,2,,Beer Run,Bellair Market,Burton's,Sedona,Timberwood,1,1,,,,,,,1,3,1,6,6,1,6,,2,1,1,2,1,1,1,1,2,,3,2,2,1,3,3,4,3,3,,1,3,3,2,0,0,0,3,4,2,2,,,,,,,,7,,,,,,,,,,,,,1,,,,,,,,,,11,12,,14,15,16,,,1,,,,,,,
433.00,4,3,1,2,2,,Zaxbys,Tropical Smoothie,Sal's,Sticks,Chick Fil A,1,,,,4,,,,1,3,6,1,6,6,6,,1,1,2,1,1,1,1,1,2,,3,2,3,1,2,3,3,3,3,,1,3,3,2,,2,,2,4,2,2,,,,,,5,,,,,,,,5,,,,,,Dance and Cross Country Runner,1,,,,,,,,,,11,,13,14,15,,17,,1,,,,,,,
444.00,4,4,1,1,3,,Chick fila,Sticks,Arby's,,,1,,,,4,,,,1,1,6,1,1,6,6,,1,1,1,1,1,1,1,1,1,,1,1,1,1,1,1,1,1,1,,1,2,1,2,0,0,0,3,4,1,1,,,,,,5,,,Dental hygienist,,,,,,,,,,,,1,,3,,,6,,8,9,10,11,12,,,,16,,,2,,2,,4,,,
447.00,3,4,1,2,2,,Bluegrass Grill,Timberwood Grill,Sticks Kebob Shop,Bonefish Grill,Sakura,1,,,,4,,,,1,3,1,6,6,6,6,,1,1,1,1,1,2,2,1,2,,3,3,3,2,2,2,2,1,3,,,,,,,,,,,,,,,,,,,,,,,,,,,,,,,,,,,,,,,,,,,,,,,,,,,,,,,,,,
450.00,1,1,1,3,3,,Sals Lake Monticello,Lake Bistro,Applebees,Sticks,Subway,1,,,,4,,,,1,2,6,6,6,6,6,,1,1,1,1,1,1,1,1,1,,3,1,1,1,1,1,3,1,1,,2,3,2,2,1,,1,3,2,1,1,,,,,,,,7,,1,,,,,6,,,,,,1,,,,,,,,9,,,,,14,,,17,,2,,,,4,5,,
454.00,,5,,2,,,chik-fil-a,5 Guys,sticks,,,1,1,,,,,,,1,1,,,1,,,,2,3,1,2,1,2,2,2,2,,3,3,4,2,3,3,3,3,3,,1,1,2,2,,,,2,4,2,1,,,,,,,,7,Administrative assistant,,,,,,,,,,,,,,3,4,5,6,,8,,10,,12,,,,,,,3,,,,4,5,,
457.00,3,5,2,1,1,,Starbucks,Christian's Pizza,Sticks,Kabuto,East Garden,1,,,,,5,,,1,6,2,6,1,6,6,,2,2,1,1,1,2,2,1,2,,3,4,2,1,2,3,3,2,3,,2,3,3,2,2,,,1,3,2,2,,,,,,5,,,,,,,4,,,7,8,,10,,,,,,,6,,,,,,,,14,,,17,,2,,,,4,5,,
470.00,2,2,6,6,2,,Sticks,Applebees,Mcdonalds,Arbys,Mexican,1,1,,,,,,,1,3,,2,2,6,2,,1,1,1,1,1,1,1,1,1,,1,1,1,1,1,1,1,1,1,,1,2,1,1,1,,,1,1,1,1,,,,,,,,7,student,,,,,,,,8,,10,baseball/ballet,1,,,,,,,,,,,,,,,,17,,4,1,2,3,4,5,,
472.00,1,1,1,6,1,,Bodo's,Sticks,Chipotle,Zazus,Duners,1,,,,4,,,,1,1,4,1,1,6,6,,3,3,2,2,2,2,2,2,2,,4,3,3,3,2,3,3,3,2,,2,4,3,2,,,1,2,4,2,2,,,,,,5,,,,,,,,5,,7,,,10,,,,,,,6,,8,,,,,,14,15,16,,Travel,3,1,,,4,5,,UVa athletic team rosters (basketball)
480.00,1,5,1,3,1,,Bodos,Cafe Cubano,Beer Run,Fellini's,,1,1,,,,,,,1,6,1,6,6,6,6,,1,2,1,1,1,1,1,1,1,,1,3,1,1,2,1,2,1,1,,1,3,2,1,,,,3,3,2,2,,,,,,5,,,,,,,,,,,,,,,,,3,,,,,8,,,,,,14,,,,,1,,,,,,,
269.00,5,3,,2,,,Jersey Mikes,Noodles and Company,Five Guys,Chicken Fiesta,Q Barbecue,1,,2,,,,,searching nearby restaurants on Google Maps,1,,1,,,,,,1,2,2,2,2,2,3,2,3,,5,2,3,2,2,3,3,2,3,Sadly it is not close to where I live or work.,1,2,2,2,1,,,2,3,2,2,,,,,,,,7,,1,,,,5,,,8,,,,,,,,,,,8,,,,12,,14,,,17,,3,1,2,3,4,5,6,
271.00,4,1,1,1,3,,Kroger,Panara,Moes,,,2,,,,,,,,,,,,,,,,,,,,,,,,,,,,,,,,,,,,1,1,2,2,2,3,5,3,3,2,1,,,,,4,,,,Freelance,1,,,,,6,7,8,9,,,1,,,,5,6,,,,10,11,12,,14,,16,17,,2,,,,4,,,
273.00,2,1,7,1,2,,Sticks,Chipotle,Ukrops,Chick-fi-A,Taco Bell,1,1,,,,,,,1,2,2,2,2,6,6,,1,3,2,1,1,2,2,1,5,,1,3,5,1,2,2,2,2,,,1,1,1,1,,,,1,3,2,1,,,,,,,,7,,,,,,,,,,,,,,,,,,,,,,,,12,13,14,,,,,2,,,,4,5,,
285.00,5,,,3,1,,Aztec,Wendys,Chilis,The Grille,McDonalds,1,1,,,,,,,1,1,,,,,,,1,2,2,2,2,2,2,1,2,,2,2,3,3,2,2,3,2,6,,2,4,2,2,,,,2,2,1,2,,,,,,5,,,Retired,,,,,,,,,,,,1,,,,,,,,9,,,,,14,,16,,,2,,,,4,5,,
286.00,2,,,6,,,Westhampton pharmacy lunch counter,Sticks,Chipotle,Vietnam 1,,1,,,,4,,,,1,5,6,2,6,6,6,,2,2,2,2,1,2,2,2,2,,2,3,2,3,2,2,3,2,6,,1,3,3,2,,,,2,4,2,2,,,,,,,,7,,,,,,,,,,,,,1,,,,,,,8,,,,,13,14,,16,,,1,,,,,,,
288.00,3,4,3,3,,,Panera bread,Cracker barrel,Outback,Travinia Italian kitchen,Mcdonalds,1,1,,,,,,,1,3,6,4,6,6,6,,1,1,1,1,1,2,2,2,2,Looking for low carb options,2,2,2,1,1,1,1,1,1,,1,3,2,2,0,0,1,1,3,2,1,Looking for low carb,,,,,,,7,Healthcare,,,,,,6,,,,,,,,,,,,,,,,,,,14,,,,"Gym, concerts",2,,,,,5,,
289.00,1,1,4,2,1,,Chipotle,Sticks,Panera,Aromas,Feast,1,1,,,,,,,1,1,3,6,1,6,6,,1,2,1,1,1,1,2,2,2,,3,3,4,3,2,2,2,2,2,,1,1,1,1,0,0,0,2,1,1,1,,,,,,,,7,,,,,,,,,,,,,1,,,,,,,,,,,,,,,,,,1,,,,,,,
290.00,2,6,2,1,1,,Chick fil a,Wild wings,Bodos,Christians,,1,1,,,,,,,1,6,1,,,1,,,1,2,1,1,1,1,1,1,2,,3,3,3,3,3,3,3,3,3,,1,3,3,2,2,,,3,2,2,2,,,,,,,6,,,1,,,4,5,6,7,8,9,10,,1,,,,,,,,,,,12,13,14,15,16,17,,2,,,,,5,,Attractions book
291.00,3,2,1,3,,Two free work lunches,Wild wing cafe,Subway,Bodo's,Sticks,Zazu's,1,1,,,,,,,1,6,1,1,1,6,6,,2,2,1,1,1,4,2,1,4,,3,3,2,1,2,3,4,2,6,,1,2,3,2,0,0,0,1,4,2,1,,,,,,,,7,,,,,,,,,,,,,1,,,,,,,,,,,,,,15,,,,4,1,,3,,5,,Attractions coupon book
298.00,6,4,1,1,1,,Sub Way,Arbys,McDonalds,Fire House Subs,Five Guys,1,,,,4,,,,1,6,6,3,6,6,6,,1,2,1,2,1,2,2,1,2,,2,2,2,1,1,2,2,2,3,,2,3,3,2,0,0,0,3,2,1,2,,,,,,,,7,Logistics Management Specialist,,,,,,,,,,,,1,,3,,,,,,,,,,,14,,16,,,2,1,2,,,5,,
300.00,7,1,1,1,1,,ruby tuesdays,red robin,applebees,,,1,1,,,,,,,1,6,6,6,1,6,6,,4,1,1,1,1,2,2,1,4,,1,1,3,1,1,2,2,1,3,,1,3,3,2,,2,,2,2,3,1,,,,,,,6,,,,,,4,5,,7,8,,10,field hockey,,,3,,5,6,,,,,,,,14,15,16,,exercise.,2,1,2,,4,5,6,
303.00,1,1,5,3,4,,Wendys,Hardee's,Mcdonalds,,,1,1,,,,,,,1,6,5,6,6,6,6,,1,1,1,1,1,1,1,1,1,,1,1,1,1,1,1,1,1,1,,2,2,2,2,,,,1,3,1,1,,,,,,,,7,,,,,,,,,,,,,,,,,5,,,,,,,,,14,,,,,1,,,,,,,
308.00,5,1,4,3,1,,Sticks,Ace BBQ,Vita Nova,Red Lantern,Jade Garden,1,1,2,,,,,,1,1,1,6,6,6,6,,1,1,1,1,1,1,1,1,1,,1,1,1,1,1,1,1,1,1,,1,2,1,1,,,,2,3,3,1,,,,,,,,7,,,,,,,,,,,,,,,,,,,,,,,,,,,,,,,2,1,2,3,,5,,
317.00,3,5,,2,1,,Blue Moon Diner,Downtown Thai,Revolutionary Soup,Shebeen,Ariana Kebob,1,1,,,,,,Don't remember,1,6,1,6,6,6,6,,1,3,3,3,1,2,3,2,1,"Organic meats, local produce",2,3,3,3,2,3,4,2,3,,1,2,2,2,1,,,1,3,1,2,,,,,4,,,,,,,,,,,,,,,too young,1,,3,,,,,8,,10,,12,,14,15,,17,Soccer,1,,,,,,,
318.00,2,2,1,4,,,Jasons Deli,Wendys,Panera,Sticks,Guadalajara,1,,,,4,,,,1,1,1,1,6,6,6,,1,1,1,1,1,1,2,2,3,,4,2,3,2,1,2,2,2,3,,1,2,2,2,2,1,,2,1,2,2,,1,,,,,,,,,,,,,,,,,,Competition Cheerleading,,,,,5,,,,,,,,,,,,17,,1,,,,,,,
320.00,1,1,2,5,1,,Sticks,Feast,Paneras,Aromas,UVA Cafeteria,1,,,3,,,,Coupon in the UVA phone book,1,5,4,3,3,1,6,,1,2,1,1,1,2,2,2,2,coupons available for returning customers,2,2,2,2,2,2,2,2,2,,1,3,2,2,2,1,1,2,3,2,1,,,,,,5,,,physician,1,2,3,4,,6,,8,,10,"squash, gymnastics, band,robotics",,,,,5,,,,,,,,,,,,17,,3,1,,,4,5,,UVA phone book
326.00,2,1,1,5,1,,arbys,chik fila,wendys,mcdonalds,sticks,1,,,,4,,,,1,3,6,6,6,6,6,,3,2,2,2,1,2,2,2,2,,3,1,2,2,1,1,1,1,2,,2,3,1,1,,1,2,3,4,2,2,,,,,,,,7,sales,,,,,,,,,,,,,,,,,,7,,,,,,,14,,16,,,2,1,2,3,,5,,
327.00,1,,5,2,3,,Tropical Smoothie,Sticks,Pita Pit,Applebee's,,1,1,,,,,,,1,2,1,1,2,6,6,,1,1,1,1,1,1,1,1,5,,3,2,3,2,1,1,3,1,6,,1,1,1,1,,,,1,2,2,2,,,,,,,6,,Student,,,,,,,,,,,,,,3,,,,,,,,,,,14,,16,,,1,,,,,,,
331.00,1,1,1,6,,,Wendy's,Tubby's,McDonalds,Sticks,East Garden,1,1,,,,,,,1,3,6,1,6,6,1,,1,2,1,2,1,1,2,1,2,,1,2,3,2,2,1,3,1,2,,1,3,3,2,0,0,1,2,4,2,2,,,,,,5,,,,,,,,,6,,8,,10,,,,,,,,,,,,,,,14,15,,17,,1,,,,,,,
334.00,6,1,1,3,,,MacDonalds,Seltzers Steak House,,,,1,,,,4,,,,1,,,1,,,,,1,1,2,2,1,2,2,2,3,,1,2,1,1,1,1,1,1,1,,2,4,1,2,0,0,0,2,2,3,2,,,,,,,,7,,,,,,,,,,,,N/A,,,,,,,,,9,,11,,,,,,,,1,,,,,,,
340.00,6,1,1,3,1,,MacDonalds,Dunkin Donuts,,,,1,,,,4,,,,1,,,1,,,,Just went for the first time,1,2,2,2,2,1,2,2,2,,2,3,1,1,1,1,1,6,6,,2,4,1,2,0,0,0,2,2,1,2,,,,,,,,7,,,,,,,,,,,,N/A,,,,,,,,,9,,11,,,14,,,,,1,,,,,,,
341.00,3,2,1,3,,,Citizen,Mekong,Comfort,08/01/2002,Mamma 'Zu,1,,2,,,,,,1,,,1,1,,,,2,3,3,2,1,2,2,1,2,,4,3,3,2,3,3,3,3,3,,1,3,3,2,0,0,0,3,4,2,2,,,,,,,,7,,,,,,,,,,,,,1,,,,,,,8,,,,,13,14,,16,,,2,1,,,4,5,,
342.00,7,1,1,1,1,,Sticks,Subway,Ruby Tuesday,Carrabas,Victoria's,1,,,,4,,,,1,6,3,6,6,6,6,,2,2,1,1,1,1,1,1,2,,3,3,3,3,3,3,3,3,3,,1,4,2,2,,,,1,4,2,1,,,,,,5,,,retired,,,,,,,,,,,,1,,,,,6,,,,,,,,14,,16,,,1,,,,,,,
343.00,7,1,1,2,1,,Moe's,Chicfila,Sticks,,,1,1,,,,,,,1,6,1,6,6,6,6,,1,1,1,1,1,1,1,1,1,,3,2,3,2,2,3,2,2,3,,1,2,2,1,1,1,,1,4,1,1,,,,,,,,7,Financial Director,,,,,,,,8,9,,Baseball,,,,,5,,,,,,,,,,,16,17,,4,1,,,4,5,,
344.00,7,1,1,1,1,,"Isaac's Deli & Restaurant (just moved to VA, this is a PA chain)",Panera Bread,Rice & Noodles (Vietnamese),Maharaja Indian,Sticks Kebob Shop Pantops,1,1,,,,,,,1,2,2,6,6,6,6,,2,3,1,1,1,1,2,1,3,,3,3,4,1,2,4,2,3,6,,1,2,2,2,0,0,0,1,3,2,1,,,,,,,6,,,,,,,,,,,,,,,,,,,6,,8,,,11,12,,14,,,,cooking,2,1,2,3,4,5,,
354.00,1,6,1,1,1,,Panera,Five Guys,Taco Bell,Jason's Deli,Bonefish,1,1,,,,,,,1,6,3,6,3,1,6,,1,1,1,1,1,1,1,1,1,,4,4,3,2,1,2,2,2,2,,1,1,1,3,,1,,1,2,1,2,,,,3,,,,,Nurse,,,3,,,6,,,,,Cross Country,1,,,,,6,,,,,,12,,14,,,17,,1,,,,,,,
355.00,1,1,1,7,1,,chickfila,subway,,,,1,,,,4,,,,1,1,6,6,6,6,6,,2,2,2,2,2,2,2,2,3,,3,3,3,3,3,3,3,3,3,,1,3,2,1,,,,2,2,2,2,,,,,,,6,,,,,,,,,,,,,,,2,,,5,,,8,9,,,,,14,,,,,2,1,2,3,4,5,6,
356.00,7,1,1,2,1,,Mauritzio's,Sticks,LaTolteca,Plaza Azteca,Guiseppis,1,1,,,,,,family in Charlottesville,1,1,4,6,6,6,6,,1,1,1,1,1,1,2,1,2,,1,1,3,1,1,1,2,1,3,,1,3,2,2,0,0,0,1,4,2,1,,,,,,5,,,retired,,,,,,,,,,,,1,,,,,,,8,9,,11,,,14,,16,17,,2,1,,,4,5,6,
359.00,2,1,1,3,3,,Martins,Chic. Fila,BBQ,Home,N/a,2,,,,,,,,,,,,,,,,,,,,,,,,,,,,,,,,,,,,1,1,2,3,0,1,3,2,3,3,2,,,,,,,,7,Stylist,,,,,,,,,,10,,,,,,,,,,,,,,,14,,,,,1,,,,,,,
368.00,1,1,2,5,3,,Taco Bell,ChikFilA,McDonald's,Stick's,Arby's,1,1,,,,,,,1,4,1,6,6,6,6,,2,3,1,2,1,3,3,2,3,,2,3,4,1,1,2,2,2,2,"In regards to price, I hate to use the word ""worse"".  I am willing to pay a little higher price for the food at Stick's, but sometimes the prices detracts me from eating there.",1,2,1,1,0,0,0,2,3,2,3,,,,,,,,7,,,,,,,,,,,,,,,,,5,,,,,10,,,,14,,,,,2,1,,3,4,5,,
372.00,2,1,2,5,2,,Subway,Burger King,McDonalds,Chickfila,Sticks,1,,,,4,,6,,1,1,1,1,6,6,6,,1,2,1,2,2,1,2,2,2,,1,1,1,1,1,1,1,1,1,,2,2,1,2,4,0,0,3,2,2,2,,,,,,,,7,,,,,,,,,8,9,10,Baseball,1,,,,,,,,,10,,,,,15,,17,,2,1,2,,4,5,,
373.00,5,1,1,,4,,Starbucks,Aromas,Qdoba,Sticks,Cheese Shop,1,,,,4,,,,1,6,4,6,6,6,6,,2,2,1,2,1,2,2,1,2,,3,2,4,2,2,3,3,3,3,,1,2,1,1,,,,2,3,2,2,,,,,,5,,,,,,,,,,,,,,,,,,,,,,,,,,,,,,,,,2,,,,4,5,,
376.00,1,4,1,3,3,,The Market,Sedona,Noodles & Company,Foods of all nations,Sticks,1,1,,,,,,,1,6,2,6,1,6,6,,2,2,2,1,1,2,2,2,2,,2,1,2,1,1,1,1,1,1,,1,2,2,1,0,0,0,2,2,2,2,,,,,,,,7,Retail Manager,,,,,,,,,,10,,1,,,,,,,,,,,,,,15,,,,4,1,2,3,4,5,6,
381.00,2,3,2,2,1,,noodles,sticks,chilis,ruby tuesday,panera bread,1,1,,,,,,,1,3,,3,3,,,,1,2,1,1,1,2,2,1,2,,2,3,2,2,2,3,3,2,3,,1,2,1,1,,,,2,3,2,2,,,,,,5,,,,,,,,,,,,,,,,,,,,6,,,9,,11,12,,14,15,16,,,3,1,2,3,4,5,,
383.00,4,4,1,5,1,,Arbys,STICKS,five guys,noodles,jason deli,1,,,,,5,,,1,2,1,1,1,4,6,,2,2,1,1,1,1,2,1,2,,2,1,2,1,1,1,2,1,2,,2,2,2,2,2,,,1,4,1,1,,,,,,,,7,,,,,,5,,,8,9,10,,1,,,,,,,,9,,,,,14,15,16,17,,4,,,,4,5,,
386.00,6,1,1,2,2,,Hibachi Grill,Milan,Royal Indian,Zazu,Christian's,1,1,,,,,,,2,,,,,,,,2,2,1,2,1,2,3,1,3,,2,2,4,1,1,2,3,1,3,,2,3,1,1,,,,2,3,2,2,,,,,,,,7,,,,,,,,,,,,,,2,3,4,5,6,7,,9,,11,,,14,15,16,,,2,,2,3,,5,6,
387.00,5,1,1,2,1,,Pizza Hut,Christian's Pizza,Which Wich,Bel Air Market,Bang!,1,1,,,,,,,2,,,,,,,,2,1,1,2,1,1,3,2,3,,3,2,4,1,1,2,2,1,2,,2,2,2,2,0,0,0,2,3,2,2,,,,,,,,7,,,,,,,,,,,,,1,,,4,5,6,,,,,11,,,14,,16,,,1,,,,,,,
391.00,1,3,1,4,1,,Superstars,Sticks,Mekong,Tazikis,Noodles and Company,1,,,,4,,,,1,6,3,6,1,6,6,,1,1,1,1,1,2,2,2,3,,2,1,2,1,1,1,2,1,3,,1,3,3,2,2,,,3,2,2,2,,,,,,,,7,,,,,,,,,,,,"Ballet , Gymnastics",,,,,,,,,,,,,,,,,17,,2,1,2,3,4,5,6,love your FB promotions
393.00,7,5,1,1,2,,Panera,Tropical Smoothie,Sticks Kebobs,South of the Border,The Cove,1,,,,4,,,,1,6,2,1,1,6,6,,2,2,1,1,2,2,2,2,2,,2,2,3,1,1,1,1,2,3,,1,2,1,2,1,1,,1,4,2,1,,,,,,,,7,,,,,,5,6,7,8,9,10,Field Hockey,,,,,5,6,,8,,10,11,12,,14,15,,17,,2,1,,,,,,
394.00,3,3,4,1,1,,Jason's Deli,Taco Bell,Panara Bread,Ukrops Deli,Pad Thaia,1,,,,4,,,,1,1,1,6,6,6,6,,3,2,2,2,1,2,3,1,2,,3,2,4,2,2,3,3,3,2,,1,3,3,2,0,0,0,2,4,1,2,,,,,,,,7,,,,,,,,,,,,,1,,3,,,,,8,9,,,,,14,,,,,2,1,,3,,5,6,
399.00,2,2,,5,2,,Shebeen,El Tepeyac,Eppie's,,,1,,,,4,,,,1,6,1,6,6,6,6,,3,3,1,3,1,2,1,1,1,,3,4,2,1,2,2,4,3,2,,1,2,3,2,0,0,0,2,3,2,3,,,2,,,,,,,,,,,,,,,,,,1,,,4,,,,8,,,,,,14,,,,,3,1,2,3,4,5,6,
404.00,5,1,1,2,,,Chick-fil-a,Chipolte,Sticks,,,1,1,,,,,,,1,2,1,6,6,6,6,,2,2,1,1,1,2,2,1,2,,1,1,3,2,1,3,3,2,1,,1,2,3,2,2,0,0,2,2,2,1,,,,,,,,7,Healthcare,,,,,5,,7,8,9,10,,1,,,,5,6,,,,,,12,13,14,15,16,17,,4,1,2,3,4,5,,
406.00,4,1,1,5,,,Bodos,Jason's Deli,Bellair Market,Panera,Burton's,1,,,,4,,,,1,6,6,1,1,6,6,,1,2,1,1,1,1,1,1,2,,4,2,3,1,1,2,2,1,3,,1,1,2,3,,,,2,3,1,2,,,,,,,,7,,,,,,,,,,,,,,,,,,,,,,,,,,14,15,16,,,2,1,2,3,4,5,,
410.00,5,1,1,2,1,,burger king,zaxby's,new york deli,plaza azteca,cookout,1,,2,,,,,,1,1,6,6,1,6,6,,2,1,1,1,1,1,1,1,2,,3,2,2,1,3,2,3,3,3,,1,3,2,2,0,0,0,2,2,2,2,,,,,,5,,,disabled,,,,,,,,,,,,1,,,,,,,,,,,,,14,,16,,,2,1,2,,4,5,,
414.00,5,1,1,4,1,,Tavola,Ten,C&O,Mas,Blue Light Grill,1,,,,4,,,,1,6,3,6,6,6,6,,2,1,1,2,1,1,2,1,3,,2,4,1,1,4,1,3,1,3,,2,3,3,2,0,0,0,2,2,1,2,,,,,,,,7,Retired government,,,,,,,,,,,n/a,,,,,,,,,,,,,,14,15,,,"Pour at winery, classical music, read",1,,,,,,,
415.00,5,,2,3,,,Northside Grille,The Continental,O'Banks,Ruby Tuesdays,Varies,1,1,,,,,,,1,6,6,6,6,6,6,,2,3,3,2,1,2,1,1,1,,2,3,3,1,3,3,4,1,2,,1,3,2,1,0,0,0,3,4,1,2,,,,,,,,7,,,,,,,,,,,,,,,,,,,,,,,,,,14,,,,,1,,,,,,,
419.00,2,3,3,2,2,,Subway,McDonald's,variety of independent sit down restaurants,,,1,,2,,,,,,1,6,1,1,6,6,6,,1,1,1,2,1,1,1,1,1,,2,3,3,2,3,2,2,2,1,,1,2,2,2,1,0,0,2,2,2,3,,,,,,5,,,Please reconsider these types of questions to include non-professional occupations. It's really giving me the impression that's the only demographic you're trying to attract.,1,,,,,,7,8,9,10,"cultural events, art classes",1,,,,5,6,,,,10,11,,,14,15,16,17,,2,,2,3,,,,
423.00,6,6,1,1,1,,Tokoyo Rose,Sticks,Papa John's,Little John's,Chipotle,1,1,,,,,,,1,1,6,1,6,6,6,,1,1,1,2,1,2,2,1,2,,1,3,1,1,1,1,1,1,1,,2,3,1,1,0,0,0,2,3,3,3,,,,,,,,7,,,,,,,,,,,,no children,,,,,,,,8,,,,,,14,15,,,,5,1,,,4,5,6,
436.00,1,3,1,4,1,,Jasons Deli,Panera Bread,Chipotle,Sticks Kebob,Quiznos,1,1,,,,,,,1,2,6,6,6,6,6,,1,1,1,1,1,1,2,1,3,,1,2,1,1,1,3,3,2,6,,2,2,1,1,,,,3,2,2,3,,,,,,,,7,Property Management,,,,,,,,,,,,,,,,,,,,,,,,,14,,,,,2,,2,3,4,,6,
452.00,5,2,1,3,1,,Subway,Various pizza places,Panders,Wendy's,,1,,2,,,,,Radio 106.1,2,,,,,,,,2,2,2,2,1,2,2,2,3,,5,2,3,1,1,3,3,2,1,,1,3,3,2,,2,,2,4,2,2,,,,,,5,,,,,,,,5,6,7,8,,10,,,,,,5,,,8,,10,,,13,,15,16,,,2,1,2,,,,,
453.00,4,1,1,4,2,,Sticks,Mas,Tavola,Beer Run,,1,,,,4,,,,1,1,,2,,,,,1,,,1,,,1,,,,,,5,,1,,,1,,,2,2,2,2,,,,1,,,,,,,,4,,,,,,,,,,,7,,,,,,,,,,,,,,,11,12,,,,,,,2,1,,3,,5,,
455.00,1,4,1,3,,Ate lunch served at a meeting twice,Christian's pizza,Bodo's,revolutionary soup,Continental divide,Sticks,1,1,,,,,,,1,6,3,6,6,6,6,,2,2,4,2,1,2,2,4,2,"Vegetarian options, local foods",3,2,2,1,2,2,3,3,3,,1,2,3,2,0,0,0,2,4,1,1,,,,,,5,,,,,,,,,,,,,,,1,,,,5,6,,8,,10,11,,,14,,16,,,1,,,,,,,
456.00,7,1,1,1,1,,Carrabas,Subway,Ruby Tuesday,Sticks,Victoria,1,,,,4,,,,1,6,3,6,6,6,6,,2,2,1,1,1,2,2,1,3,,3,4,2,4,2,1,4,1,3,,2,4,2,2,0,0,0,2,4,2,2,,,,,,5,,,Retired educator,,,,,,,,,,,,,,3,,,6,,8,,,11,,,,,16,,,1,,,,,,,
459.00,,5,1,2,1,,Chipotle,Bodos,Sticks,Little Johns,Subway,1,,,,4,,,,1,3,3,6,2,6,1,,1,2,1,3,1,2,2,1,3,,1,2,1,2,1,2,1,1,1,,1,1,1,1,,,,3,4,2,2,n/a,,,,,,,7,Student,,,,,,,,,,,,1,,,,5,,,,,,,,,,15,,,,3,1,2,3,4,5,6,
463.00,6,6,6,6,6,,Thai top 10,Mamas kitchen,Chick fil a,IHOP,Mikes,1,1,,,,,,,1,1,1,1,1,1,1,,1,1,1,1,1,1,1,1,1,,1,1,1,1,1,1,1,1,1,,2,1,3,1,,,,1,1,1,1,,,,,4,,,,,1,,,,,,,,,,,,2,,,,,,,,,,,,,,,,,1,,,,,,,
466.00,1,2,1,5,,,Panera,India K Raja,Thai Diner,Qdoba,Jason's Deli,1,1,,,,,,,1,1,1,6,6,6,6,,1,1,1,1,1,2,2,1,2,,3,2,3,1,1,3,3,2,3,,,,,,,,,,,,,,,,,,,,,,,,,,,,,,,,,,,,,,,,,,,,,,,,,,,,,,,,,,
476.00,1,2,1,5,1,,Christian's Pizza,Sticks,Cafe 88,Five Guys,Chipotle,1,1,,,,,,,1,5,6,6,6,6,6,,2,1,1,1,1,1,2,1,3,,3,1,2,,1,1,2,1,2,,2,2,1,2,0,0,0,1,2,2,1,,,,,,,,7,,,,,,,,,,,,,,,,,,,,,,,,,,,,,,,1,,,,,,,
478.00,,5,,,2,,Bonefish,sticks,bodos,outback,,1,1,,,,,,,1,6,6,,1,1,,,1,1,1,1,1,1,1,1,1,,4,1,2,1,1,1,3,1,,,1,3,2,2,,,1,2,4,2,1,,,,,,,,7,Dietitian,,,,,,,,,,,PVCC,1,,,,5,,,,,,,,,14,,16,,,3,1,,,4,,6,
481.00,1,2,1,5,1,,panera,sticks,chick fil a,subway,,1,1,,,,,,,1,3,1,1,1,6,6,,2,2,1,1,1,2,2,2,2,,3,3,3,2,2,3,3,2,3,,1,3,1,2,,2,,2,2,2,2,,,,,,,,7,lawn care sales,,2,,,,6,,,,10,,,,,,,,,,,,,,,14,15,,17,,3,1,2,,4,5,,
482.00,1,1,1,1,1,,Sticks,Sticks,Sticks,Sticks,Sticks,1,1,,,,,,Work there,1,5,5,5,5,5,5,,1,1,1,1,1,1,1,1,,,1,1,1,1,1,1,1,1,1,,1,2,2,2,2,,,1,4,1,2,,,,,,,,7,Gm,,,,,,,,8,9,10,,,,3,,,,,,9,,,,,14,,16,17,,5,1,2,,4,5,,
268.00,4,3,3,3,6,,Maggiano's,Plaza Azteca,Olive Garden,Sticks Kebob,,1,,,,,,6,Co-worker,1,3,1,1,2,6,6,,1,1,1,1,1,1,1,1,1,,2,2,1,1,2,1,1,1,1,,1,2,1,2,,2,,1,2,1,1,,,,,,,,7,,,,,,,,,,,,,,,,,,,,,,,,,,14,,,,,5,1,2,3,4,5,,
278.00,5,1,1,3,1,,O'Charlie's,Dairy Bar,,,,1,,,,4,,,,1,1,1,,,,,,2,2,1,1,1,1,1,1,2,,3,3,3,3,3,3,3,3,3,,,,,,,,,,,,,,,,,,,,,,,,,,,,,,,,,,,,,,,,,,,,,,,,,,,,,,,,,,
280.00,6,1,1,3,,,Chipotle,Boar's Head Cafe,Sticks,Bodo's,Duner's,1,1,,,,,,,1,1,,1,1,,,,1,1,1,1,1,2,1,1,3,,2,2,3,1,3,3,3,3,1,,1,3,2,2,2,,,2,2,2,1,,,,,,,6,,,,,,,5,,,8,9,10,Martial Arts,1,,,,,,,8,,,,,,14,15,,17,Gym,2,1,,,4,5,6,
283.00,5,,1,2,,,Kebobs,Starbucks,Chick fil a,outback,,1,,,,4,,,,1,5,6,1,6,6,6,,2,2,1,1,1,1,1,1,1,,2,1,1,1,1,1,1,1,1,,1,3,2,2,1,,,1,3,1,1,,,,,,,,7,,1,,,,5,,7,8,9,,,,,3,,5,,,,,,,,13,14,,16,,Crossfit,1,,,,,,,
293.00,,,5,,,,maharaja,Now and Zen,Bodos,afgan kebab palace,mas,1,1,,,,,,,2,,,,,,,,3,1,1,2,1,2,2,1,2,,4,3,3,3,3,3,4,3,3,,1,2,2,2,,,,1,4,1,1,,,,,,5,,,,,,,,,,,,,,,,,,,5,6,,,,10,,12,,14,,,,,2,1,,3,,,,
294.00,2,3,1,3,2,,Qdoba,CiCi's,Panera,Uno's,,2,,,,,,,,,,,,,,,,,,,,,,,,,,,,,,,,,,,,1,3,1,1,0,0,0,1,4,3,3,,,,,4,,,,Animal welfare,,,,,,,,,,,,,,,,,,,8,,,,,,,,,,Cooking,2,1,,,4,5,,
295.00,1,3,1,2,2,,Qdoba,Panera,Cici's Buffet,Unos,South of the Border,2,,,,,,,,,,,,,,,,,,,,,,,,,,,,,,,,,,,,1,1,1,1,0,0,0,1,2,1,2,,,,,,,6,,Animal Welfare,,,,,,,,,,,0,1,,,,5,,,,,,,12,13,14,,,,,2,,2,3,4,5,,
302.00,1,5,1,3,1,,Chipotle,Take it Away,Panera,Sticks,Christian's,1,,,,4,,,,1,2,6,6,6,6,6,,2,2,2,1,1,2,2,2,4,,3,4,3,2,3,3,3,3,2,,1,3,3,2,0,0,0,1,3,2,1,,,,,,,,7,,,,,,,,,,,,,,,,,,6,,8,,10,11,,,14,15,,,,1,,,,,,,
307.00,3,3,1,3,1,,Sticks,Chinese,Vinnys,Outback,,1,,,,4,,,,1,3,1,1,1,6,6,,1,1,2,1,1,1,1,1,1,,1,1,1,1,1,1,1,1,1,,1,2,1,2,,,,2,4,2,1,,,,,,,,7,RN,,,,,,,,,,,,,,,,,,,,,,,,,,,,,,2,1,,,4,5,,
312.00,3,4,1,2,2,,Sticks,College Inn,Basil,Lemongrass,,1,1,,,,,,,1,6,4,6,6,6,6,,1,1,1,1,1,2,3,1,2,,2,2,1,1,1,1,2,2,2,,1,2,1,2,,,,2,3,2,2,,,,,,,6,,Sales,,,,,,,,,,,,,,,,,,,,,,,,,,,,,,2,,,,4,,,
316.00,2,1,1,5,1,,Chipole,Quordoba,Sticks,Chick fillet,Panera,1,1,,,,,,,1,3,,,,,,,1,2,4,4,1,2,2,2,3,,2,3,4,2,,3,2,2,3,,1,3,3,2,,U,2,3,4,2,3,,,,,,5,,,Counselor,,,,,,,,,,,Na,,,,,,6,,,,10,,,,14,15,16,,,3,,,3,,,,
321.00,2,4,1,3,2,,Sticks,Wendys,Henrys,Home,Home,1,1,,,,,,,1,2,6,6,6,6,6,,2,3,2,3,1,2,3,2,3,,2,3,3,3,3,3,3,2,3,,1,3,2,2,,1,4,2,4,2,4,,1,,,,,,,Systems Administrator,,,,,,,,,,,None,,,3,,,,,8,,,,,,,,,,Horseback Riding,2,1,,,,5,6,
325.00,1,6,1,2,1,,mcdonalds,chick fillet,taco bell cobbs,dominos,sticks,1,1,2,,,5,,,1,1,6,6,6,6,6,,1,1,1,1,1,1,1,1,1,,1,1,1,1,1,1,1,1,1,,1,2,1,2,1,1,,1,4,2,2,,,,,,,,7,medical field,,2,,,,6,,8,,10,baseball,,,3,,,6,,,,,,,,,15,,17,"crafts, gym",2,1,2,3,4,5,6,coupon books
328.00,2,1,4,3,1,,Sticks,Cookout,Bellair Market,Panera,Chipotle,1,1,,,4,5,,,1,3,1,1,2,1,6,,2,2,2,2,1,2,2,2,2,,2,1,1,1,1,2,2,1,2,,1,2,2,1,0,0,0,1,4,2,2,,,,,,5,,,,,,,,,,,,,,,1,,,,,,,,,,11,12,,14,,16,,,1,,,,,,,
338.00,1,1,1,6,1,,panera bread,jersey mike's,moe's,chick fil-a,five guys,1,,,,4,,,,1,6,2,1,3,6,6,,1,2,2,2,1,1,2,1,2,,2,1,3,2,1,1,2,1,2,,2,3,3,2,0,0,0,1,4,1,2,,,,,,,,7,,,,,,,,,,,,,,,,,,,,,,,,,,14,15,,,,2,,,,,5,,
351.00,2,4,1,4,1,,Raising canes,Popeyes,Sticks,Pizza Hut,,1,,,,,5,,,1,3,4,1,6,1,6,,3,2,1,2,1,1,1,1,3,,6,3,3,2,2,1,1,1,1,,1,3,2,1,,,1,2,4,2,2,,,,,,,,7,,,,,,,,,,,,,,,,,,,,8,,,,,,14,,,,Women ministry,5,1,,,,5,6,
352.00,2,6,2,3,1,,Sticks,royal indian,mas,equi es mexico,wendys,1,1,,,,,,,1,1,3,2,3,6,6,,1,1,1,1,1,2,1,1,2,,1,1,1,1,1,1,1,1,1,,1,2,1,1,,,,1,1,1,1,,,,,,5,,,,1,,,,,,,,,,,,,,,5,,,,,,,,,,,,,,1,,,,,,,
353.00,6,2,1,2,1,,Sticks,Archs,Subway,Whole Foods (cafe/salad bar),Panera,1,1,,,,,,,1,2,3,3,3,6,6,,2,3,2,1,1,2,2,2,3,,2,3,2,1,1,1,2,2,2,,1,1,1,1,,,,2,2,2,1,,,,,,5,,,Graduate Student,,,,,,,,,,,,,,,,5,6,,,,,,,,14,15,16,,,3,,,3,,5,,
360.00,1,1,1,3,4,,Mcdonalds,Cracker Barrel,Burger King,Taco Bell,Costco,1,1,,,,,,,2,,,,,,,,1,1,1,1,1,2,2,1,3,,1,1,3,3,1,3,2,1,3,,1,3,2,2,2,1,2,5,5,5,5,,1,,,,,,,,,,,,,,,,,,Hockey,,,,,,6,,,,,,,,,,,17,,2,1,,3,4,5,6,
363.00,,4,2,3,1,,Chipotle,UVa's Fine Arts Cafe,Other UVa Dining,Stix,,1,1,,,,,,,1,1,1,6,6,6,6,,2,2,2,2,1,1,2,1,1,Organic or local meat/produce,1,2,3,2,1,2,2,2,2,,1,2,1,1,0,0,0,2,4,1,1,,,,,,5,,,Health Educator,,,,,,,,,,,no children,,,,,,,,,,,,,,,,,,"Working out, couponing",1,,,,,,,
367.00,7,1,1,1,3,,Rev Soup,Boylan,Trinity,Starbucks,Panera,1,,,3,,,,,1,6,2,2,2,6,6,,1,1,1,1,1,1,1,1,,,1,1,1,1,1,1,1,1,1,,1,1,3,1,0,0,0,1,1,1,1,,,,,,,,7,student,,,,4,,,,,,,,1,,,,5,,,,,,11,12,,14,,,,,2,,,3,,,,
370.00,,3,,4,,,Panera,Qdoba,Chick-fil-a,McDonalds,,1,,2,,4,,,swim team promotion,1,1,,,,,,,1,3,1,2,1,2,2,2,2,,3,3,4,1,1,2,4,2,2,,2,3,3,2,1,1,,2,4,2,1,,1,,,,,,,,1,,,,5,,,,,10,,1,,,,,,,,,,,,,,15,,17,,4,1,,3,,5,,
374.00,1,2,2,2,5,,Panera,Sticks,Chipotle,Chick fil A,,1,1,,,,,,,1,6,5,2,4,6,6,,1,2,1,1,1,1,1,1,1,,1,2,3,1,2,1,1,1,2,,1,2,2,1,0,0,0,1,4,2,2,,,,,,,,7,,,,,,,,,,,,,,,,,,,,,,,,,,,,,,,1,,,,,,,
378.00,2,4,1,4,1,,Chipotle,Food for Thought,Panera,,,1,,,,4,,,,1,1,1,1,6,6,6,,2,2,3,1,1,2,2,1,2,,3,4,4,3,3,3,3,4,2,,1,2,3,2,3,,,1,4,1,1,,,,,,,,7,Psychologist,1,,,,,,,8,9,10,"Softball, basketball, gymnastics",1,,,,,,,,,10,11,,,,15,16,17,,2,,2,,4,5,,
389.00,7,1,1,1,1,,Stick's,Jimmy John's,Christian's Pizza,Bodos,el Puerto,1,,,,4,,,,1,6,1,6,1,6,6,,1,1,1,1,1,2,2,1,2,,1,3,4,2,1,2,1,1,1,,1,2,1,2,2,0,0,1,4,2,1,,,,,,,,7,sales  & marketing,,,,,,,,8,9,10,,,,,,,6,,,9,10,,,,,15,,17,,2,1,,,4,5,6,
390.00,3,2,,3,1,,Sticks,Chipotle,Guadalajara,Bonefish,Thai 99,1,1,,,,,,,1,1,1,,1,,,,2,2,1,2,1,1,2,1,2,,2,2,3,1,1,1,3,1,2,,2,3,3,2,2,2,,2,3,2,2,,,,,,,,7,,1,,,,,6,,,,,field hockey,1,,,,,,7,8,,,,,,14,15,,17,,1,,,,,,,
395.00,1,1,1,4,2,,Sticks,Cookout,McDonalds,,,1,,,,4,,,next door,1,1,6,6,6,6,6,,1,1,1,3,1,1,1,1,1,,1,1,3,1,1,1,1,1,1,,1,3,2,1,0,0,0,1,4,2,1,,,,,,,,7,,,,,,,,,,,,,,,,,,,,,,,,,,,,16,,,3,1,,,4,5,,
396.00,3,1,1,4,1,retired.....,Three Notched Grill,Stix,Brixx,Lime Leaf,Baja Bean,1,1,,,,,,,1,3,1,2,,6,6,,1,1,1,1,1,1,2,1,2,,4,3,2,3,3,3,3,3,3,,1,3,3,1,,,NONE,2,4,2,1,,,,,,,6,,flight attendant,,,,,,,,,,,,,,,4,,,,8,,,,12,,14,15,,,,1,,,,,,,
402.00,1,2,3,3,1,,Bodo's,Take It Away,Burger King,Sticks,,1,1,2,,4,,,,1,1,6,6,1,6,6,,1,1,1,1,1,1,1,1,1,,1,2,1,1,1,2,2,1,1,,1,2,1,1,,,,1,3,1,2,,,,,,,,7,,,,,,,,,,,,,1,,,,,,,,,,,,13,14,,16,,,2,1,2,3,4,5,6,
407.00,1,1,3,5,2,,Sticks,Chickfila,Chipotle,Picola's Pizza,,1,,,,4,,,,1,5,5,5,5,6,6,,2,2,2,1,1,2,2,1,3,,2,2,4,1,1,2,2,1,2,,2,2,3,1,0,0,0,5,3,2,1,,,,,,,,7,Analyst,,,,,,,,,,,,,,,,,,,,,,,,,,,,,Hockey/Floorball/Wiffleball,2,1,2,3,,5,,
408.00,6,1,1,2,2,,eppies,market st. market,sticks,baggbys,,1,1,,,,,,,1,2,1,1,1,1,6,,2,2,1,1,1,2,2,1,2,,2,3,3,1,2,2,2,3,2,,1,1,2,2,,,,1,4,1,1,,,,,,,,7,,,,,,,,,,,,,,,,,5,,,8,9,,11,12,,14,,,,,1,,,,,,,
411.00,5,2,1,2,1,,Panera,Noodles,Chick-fil-a,Sticks,Pierces,1,,,,4,,,,1,6,1,6,6,6,6,,1,1,1,1,1,1,1,1,1,,3,3,3,3,3,3,3,3,3,,,,,,,,,,,,,,,,,,,,,,,,,,,,,,,,,,,,,,,,,,,,,,,,,,,,,,,,,,
412.00,3,5,,2,,,Sticks,Wendys,Cook Out,Chipotle,Noodles and Co,1,,2,,,,,,1,2,6,6,1,6,6,,2,2,2,2,1,2,2,1,2,,3,2,3,1,1,1,1,1,,,1,3,3,2,,,,3,3,2,2,,,,,,5,,,,,,,,,,,,,,,,,,,5,6,,,,,,,,,,,,,2,1,2,3,4,5,,
413.00,4,3,1,3,1,,Panera,Cafe caturra,Desserterie,Bakers crust,Sticks,1,,,,4,,,,1,1,1,6,6,6,6,,1,1,2,2,1,2,2,2,5,,4,1,1,1,1,1,1,1,1,,1,2,2,2,,,,1,2,2,2,,,,,4,,,,,,,,,,,,,,,,,,,,,6,,,,,,,,14,,16,,,2,1,2,3,4,5,,
416.00,7,3,1,3,1,,"Subway,Stick's,Lin Garden,Mekong",,,,,1,,2,,,,,,1,,1,,,,,,1,2,1,1,1,1,1,1,2,Strongly Prefer Healthy Menu Options. :D,1,1,3,1,1,3,3,3,6,,2,2,2,2,,,,1,4,2,1,,,,,,,,7,,,,,,,,,,,,,,,,,,,,,,,11,,,,,,,"Working Out, Walking..",1,,,,,,,
420.00,2,2,1,3,1,,Stix,Little johns,Jimmy johns,,,1,1,,,,,,,1,4,3,3,3,6,6,,1,1,1,1,1,1,1,1,1,,1,1,1,1,1,3,1,1,1,,1,2,1,1,,,,1,2,1,1,,,,,,,,7,,,,,,,,,,,,,1,,,,,,,,,,,,,14,15,,17,,2,,,,,5,,
424.00,1,5,1,2,1,,Sticks,Panera,Chipotle,Me Kong,Greek Grill,1,1,,,,,,,1,2,6,6,6,6,6,,2,1,1,1,1,2,2,1,2,Vegetarian options,3,1,1,1,1,1,3,1,2,,1,2,2,2,0,0,0,1,3,1,1,,,,,,,,7,scientist,,,,,,,,,,,,,,,,,6,,,,,,12,,14,,,,Dog walking,2,,,3,,,,
426.00,6,1,1,3,1,,Mi Jalisco,Pho So 1,Jade,Thai Diner,Tip Thai,1,,,,4,,,,1,6,6,1,1,6,6,,2,2,2,3,1,2,2,1,3,,4,2,3,2,1,6,2,2,6,,1,2,3,2,1,,,2,2,1,2,,,,,,,,7,Engineer,,,,,5,,,8,9,,,,,,,,,,,,,,,,14,,16,17,,1,,,,,,,
427.00,3,3,1,6,1,,panera bread,wich wich,jimmie johns,subway,sticks,1,1,,,,,,,1,1,1,6,1,1,,,1,1,2,3,1,2,1,1,3,,4,1,1,1,1,4,3,1,3,,1,2,3,2,,,,2,2,1,1,,,,,,,,7,Veterinary Practice Manager,,,,,,,,,,,,,,,,,6,,8,,10,,12,,,,,,dog training,1,,,,,,,
439.00,4,1,1,3,1,,Bodo's,Jak n' Jill,,,,1,,,,4,,,,1,,1,,,,,,1,1,1,1,1,1,1,1,1,,3,3,4,3,3,3,3,3,6,,2,2,3,2,2,,4,3,2,1,1,,,,,,,,7,,1,,,,,,7,,9,10,,,,,,5,6,,,,,,,,14,15,,,,1,,,,,,,
440.00,2,3,1,1,4,,Blue Ridge Pig,Cracker barrel,Vito's Italian Restaurant,,,1,1,,,,,,,1,1,1,6,6,6,6,,2,1,1,1,1,2,2,1,1,,3,2,1,1,1,1,1,1,1,,1,2,3,2,2,0,0,1,2,1,2,,,,,,5,,,,1,,,,5,6,,8,9,,,1,,3,,5,6,,,,10,,12,,14,15,16,17,,3,,2,3,4,5,,
446.00,4,1,1,4,1,,Panera,McAlisters deli,Sticks,,,1,1,,,,,,,1,,,3,,,,,1,1,1,1,1,1,1,1,2,,3,3,3,1,3,3,3,3,3,,1,3,2,2,,1,,3,4,1,1,,,,,,,6,,,,,,,,,,,,10,Volleyball,,,,,,,,,,,,,,,,,,,2,,,,4,5,,
449.00,,4,,,,,Raising Canes,Starbucks,Stix Kebob Shop,,,1,1,,,,,,,1,1,6,6,6,6,6,,2,2,2,2,1,2,2,1,6,,2,2,2,2,1,2,2,2,6,,1,3,2,2,0,0,0,2,3,2,2,,1,,,,,,,,,,,,,,,,,,,,,,,5,,,8,9,,,,,,,,,,1,,,,,,,
458.00,2,3,,3,3,,bodos,sticks,cafe at monticello (work),Whole Foods,,1,1,,,,,,,1,,3,,,,,,2,2,2,2,2,2,2,2,2,,2,1,1,1,1,3,3,1,2,,1,3,2,1,0,0,0,1,4,2,1,,,,,,,,7,,,,,,,,,,,,,1,,,,,,,,,,,,,14,,16,,,1,,,,,,,
471.00,1,1,4,3,1,,McDonald's,Red Lobster,Sticks,Applebee's,Guadalajara,1,1,,,,,,,1,3,6,,1,6,6,,2,2,1,3,1,1,2,1,2,,3,4,4,1,2,3,3,2,2,,1,2,1,2,2,0,0,2,1,2,3,,,,,,,,7,Medical Coder,,2,,,,,,8,9,,,1,,,,,,,,,,,,,14,,,17,,2,1,,,,5,6,
473.00,5,1,1,3,,,sticks,greek grille,,,,1,,,,4,,,,1,5,3,6,6,6,6,,1,2,2,2,2,2,2,2,1,,2,2,2,2,2,2,2,2,2,,1,3,3,2,,3,,2,2,2,2,,,,,,,,7,,,,,,,,,8,9,,,1,,,,,,,8,,,,,,14,,16,,,2,1,2,3,,5,,
474.00,7,,,7,,,Christians Pizza,Sticks Kabob Shop,Nami,Savour,Bonefish Grill,1,1,,,4,,,,1,3,1,,,,,,1,1,1,1,1,1,1,1,1,,1,1,1,1,1,1,1,1,1,,1,3,3,1,,,,2,4,2,2,,,,,,5,,,UVA Project Director,,,,,,,,,,,,,,,,,,,,9,,11,12,,14,,16,,,2,,2,,,5,,
475.00,1,2,1,5,2,,sticks,maya,hamiltons,zocalo,mcdonalds,1,,,,,5,,,1,4,,3,2,1,6,,1,1,1,1,1,1,1,1,1,,1,1,1,1,1,1,1,1,1,,2,3,2,2,2,,,2,2,2,2,,,,,,,,7,manager,1,,,,5,6,,,,10,,,2,,,,,7,8,,,11,12,,14,15,,,,2,1,,,4,,6,
477.00,1,4,1,3,1,,Bodo's Bagels,Panera Bread,Sticks,Christian's Pizza,Five Guys,1,,,,4,,,,1,2,6,,,6,6,,1,1,1,2,1,1,2,1,2,,1,3,3,3,1,1,1,1,3,,2,2,1,1,,,,2,2,2,2,,,,,,,,7,Purchasing Specialist at Medical Manufacturer,,,,,,,,,,,,1,2,,,5,6,7,,,10,,,,14,15,16,,,1,,,,,,,
479.00,7,1,1,2,1,,Sticks,Wendy's,MacDonald's,Thai 99,Chic fil a,1,,2,,,,,Club Red,1,3,4,4,5,6,6,,2,2,1,1,1,2,2,1,2,,3,1,1,1,1,1,1,1,2,,1,4,1,1,0,0,0,3,4,2,1,,,,,,5,,,,,,,,,,,,,,,1,,,,,,,8,,,,12,,,,,17,,4,1,,3,4,5,6,
281.00,2,1,2,5,2,,Basil,Tara Thai,,,,1,1,,,,5,,,1,6,6,6,6,6,6,,2,1,2,1,1,2,2,1,3,,4,2,3,3,2,3,3,3,3,,1,1,1,1,,,,2,3,2,2,,,,,,,,7,Student,,,,,,,,,,,,1,,,,,,,,,,,12,,,,,,,1,,,,,,,
287.00,1,6,1,3,1,,Mexican,Thai 99,Sticks,bodos,chik fil a,1,1,,,,,,,1,1,1,2,2,6,6,,2,2,2,1,1,2,,1,3,,2,1,2,1,1,2,2,2,3,,1,1,1,2,0,0,0,1,3,2,1,,1,,,,,,,,,,,,,,,,,,,1,,,,,6,,,,,,,,14,15,16,,,2,,,3,4,,,
296.00,6,1,1,2,2,,Sticks,Feast,Clementines,Speakeasy,Subway,1,1,,,,,,,1,1,1,1,1,6,6,,1,1,1,1,1,2,2,2,3,,1,1,2,1,1,4,2,2,6,,1,2,2,2,1,1,,1,2,2,1,,,,,,,,7,,,,,,,,,8,9,,,,,,,,,,,,,,,,14,,16,17,,2,1,2,3,4,5,,
301.00,5,1,1,4,1,,Peking (local buffet),Domino's pizza,Subway,Sticks,Plaza Azteca,1,,,,4,,,,1,2,6,6,6,6,6,,2,3,1,2,1,2,2,2,2,,2,3,6,1,3,3,3,3,3,"We think that Sticks is on the expensive side, but they offer some coupons/deals that we use and feel it is then affordable.  We would not visit very often without these deals.",1,3,3,2,,2,,1,4,2,2,,,,,,,6,,,,,,4,5,,,,,,,,,,,,,,,,,,,,,,,,,4,,2,3,4,5,6,"Tide Radio save program  note:  Valpak restaurant coupons are usually not worth much, Groupons are the best deals"
313.00,1,2,1,4,,,sticks,subway,,,,1,1,,,,,,,1,4,,,,,,,1,1,1,2,1,1,1,1,3,,3,3,3,3,3,3,3,3,3,,1,3,2,1,0,,,2,3,2,2,,,,,,,,7,,,,,,,,,,,,,,,,,,,,,,,,,,,,,,walking,1,,,,,,,
319.00,1,6,1,1,1,,Chipotle,Chick Fil A,Sticks,Taqueria Poblano,,1,1,,,,,,,1,,,1,1,,,,2,3,2,1,1,2,2,1,3,,5,3,3,2,1,3,3,3,6,,1,2,2,1,0,0,0,1,4,2,1,,,,,,,,7,,,,,,,,,,,,,1,,,,,6,,,,,,,,,,16,,,2,1,2,3,4,5,,
350.00,7,1,1,1,1,,Sticks,Tip Top,West Main,Bonefish Grill,,1,1,,,,,,,1,,1,,,,,,1,,1,,1,1,1,1,1,,2,3,1,3,1,1,1,1,1,,2,4,2,2,0,0,0,2,4,2,1,,,,,,5,,,,,,,,,,,,,,,1,,,,,,,,,,,,,,,,,excercise,1,,,,,,,
362.00,4,1,1,1,5,,boylan,toros tacos,mellow mushroon,sushi love,crozet pizza,2,,,,,,,,,,,,,,,,,,,,,,,,,,,,,,,,,,,,1,1,1,1,,,,2,2,1,1,,,,,,5,,,,,,,,,,,,,,,,,,,,,,,,,,,,,,,,,2,,2,3,4,5,,
364.00,6,,3,,,,Lemongrass,Little Johns,Bodos,Rev Soup,Panera,2,,,,,,,,,,,,,,,,,,,,,,,,,,,,,,,,,,,,1,1,2,2,,,2 (My brother and I live with our parents),3,2,1,2,,,,,,,,7,Student,,,,,,,,,,,,1,,,,5,,,,,,,12,,14,,,,,1,,,,,,,
365.00,6,1,1,3,1,,little johns,bodos,christians,take it away,lemongrass,2,,,,,,,,,,,,,,,,,,,,,,,,,,,,,,,,,,,,1,1,1,3,0,0,0,2,2,2,2,,,,,,5,,,student,,,,,,,,,,,,1,,,4,5,6,,,,,,12,,,,,,,1,,,,,,,
377.00,5,5,1,3,1,,Which wich,Panera,Jason's Deli,Sticks,,1,1,,,,,,,1,3,1,6,6,6,6,,3,2,3,1,1,2,2,2,3,,2,2,2,2,1,2,2,1,3,,1,2,1,2,,,,2,3,2,2,,,,,,,,7,,,,,,,,,,,,,,,,,,6,,,,10,11,12,,14,,16,,,2,1,2,3,,5,,
392.00,2,1,3,4,1,,Chipotle,Zazus,Panera,Vivace,Bodos,1,1,,,,,,,1,1,1,1,1,,,,2,1,1,1,1,2,2,2,2,,2,2,1,1,1,1,1,1,2,,1,1,3,2,0,1,2,2,2,2,1,,,,,4,,,,Retail,1,,,4,,,,,,,,1,,,,5,6,,,,,,12,,14,,,,,2,,2,3,4,5,,
398.00,2,2,4,2,1,,Guadalajara,Asian Express,College Inn,Continental Divide,Monsoon Siam,1,1,,,,,,,2,,,,,,,,2,2,2,4,1,2,2,1,1,,2,4,3,1,3,4,4,2,3,,1,2,2,2,0,0,0,3,2,1,2,,,,,,,,7,Restaurant server,,,,,,,,,,,,,,,,,,,,,,,,,14,15,16,,,1,,,,,,,
403.00,5,1,3,3,4,,Bodos,Hot Cakes,Einsteins,Orzo,Panera,1,1,,,,,,,1,,1,,,,,,1,1,1,1,1,2,1,1,1,,1,1,1,1,1,1,1,1,1,,1,1,1,1,,,,1,3,2,2,,,,,,5,,,Student,,,,,,,,,,,,,,,,,,,,,,,12,,,,,,,2,,,,4,5,6,
418.00,1,3,1,1,3,,El Vaquero,Subway,Fabio's,Stick's,Gordonsville BBQ,1,1,,,,,,,1,1,1,,,,,,1,1,1,2,1,2,2,1,2,,4,3,3,1,2,3,,3,3,,1,3,2,2,1,,,2,2,1,2,,1,,,,,,,,1,,,,,,,8,,10,Basketball,,,,,,,,,,,,,,14,15,,17,,2,,2,,,5,,
422.00,1,4,1,2,2,,Taco Bell,McDonalds,Pizza Hut,Wendys,Sticks,1,,,,4,,,,1,,1,,,,,,1,1,1,1,1,1,1,1,3,,1,3,3,3,2,1,1,1,3,,1,3,1,2,,1,,2,2,2,2,,,,,,,,7,HR,,,,,,6,,,,,,,,,,,,,,,,,12,13,,,,,,2,1,,,4,5,,
425.00,6,6,1,1,1,"I work @ home, soooooooo......",Stix,Wright's Dairy Rite (Staunton),Bodo's,,,1,1,,,,,,Heard about it on WNRN and then saw it when I drove by.,1,3,,,,,,,2,2,1,1,1,1,2,1,1,Needs to be different from what I cook and have available here in the Augusta County area.,3,1,3,1,1,1,3,1,1,"No kabob shops here, except heard Harrisonburg has one now, but not with the ability to choose from sides, sauces, etc. that Sticks has.",1,3,2,2,,,1,1,4,2,2,"I like to cook, and when I eat out, don't necessarily want the type of things I cook or sometimes like a splurge for fatty food, but at Sticks, it is like what I do cook at home, but not available out in our area.",,,,,5,,,Artist/Registered Nurse.,,,,,,,,,,10,"24 YO lives at home, he does Tough Mudders, yoga and fitness and has his own Tattoo shop and he is an artist as well.",1,,3,,,,,,,10,11,,,14,,,,"Play guitar, banjo, etc Read a lot. Arts and ceramics. My vocation is my avocation.",3,1,,,,5,,
428.00,2,6,1,2,1,,Tokyo Rose,Bodos,Sticks,Basil,El Tepeyac,1,,,,4,,,,1,1,6,1,1,6,6,,2,2,2,2,1,1,1,1,1,,2,3,4,2,2,2,2,1,2,,1,2,2,2,2,,,3,2,2,2,,,,,,,,7,,1,,,,5,,7,8,9,10,,1,,,,5,6,,,,10,,,,14,15,16,17,,3,1,2,3,4,5,6,
432.00,,6,,,,,Lord Hardwicke's (Ruckersville),Timberwood,Fabios (Ruckersville),Guadalajara (Forest Lakes),Sticks,1,1,,,,,,,1,2,,,,,,,2,2,2,2,1,2,2,2,2,,1,1,1,1,1,1,1,1,1,,1,2,2,2,3,,,2,2,3,2,,,,,,,,7,,,,,,,,,,,10,"Softball, t-ball, karate",,,,,5,6,,,,10,,,,14,15,,,,1,,,,,,,
435.00,1,3,1,3,1,,Sticks,Cogans,,,,1,1,,,,,,,1,5,6,6,6,6,6,,1,1,1,1,1,1,1,1,1,,2,,2,1,2,1,2,2,2,,1,2,2,2,1,0,0,2,4,2,2,,,,,,,,7,,,,,,,,,,,,,1,,3,4,5,,,,,,11,,,,15,,,,1,,,,,,,
437.00,4,4,1,2,1,,Shorty's,Ichaban,Pita Pit,Honeybutters,Applebee's,1,,,,4,,,,1,6,1,6,6,6,6,,1,1,1,1,1,2,2,1,3,,3,3,4,1,3,3,2,1,3,,1,2,2,2,0,0,0,2,1,2,1,,,,,,5,,,,,,,,,,,,,,,1,,3,,5,6,,8,,10,,,13,14,15,16,,,1,,,,,,,
438.00,2,3,,2,3,,Panera,Chipotle,Noodles & Co.,Cathay Gourmet,Little Caesars,1,,,,4,,,,1,1,6,6,6,6,6,,1,2,1,2,1,2,2,1,3,,3,3,4,2,1,2,2,2,6,,1,3,2,2,,2,,1,4,2,2,,,,,,,,7,,1,,,,5,6,,,,,field hockey,1,,,,,,,8,,,,,,,,,,,2,1,2,3,,,,
442.00,3,6,1,1,1,,Anna's Pizza,Jalapenos,Sals,Sticks,Zaxbys,1,1,,,,,,,1,2,6,6,6,6,6,,1,1,1,1,1,1,1,1,1,Vegetarian Options are very important,3,2,2,1,2,3,3,3,3,,1,3,2,2,0,1,0,3,2,1,2,,,,,,,,7,,,,,,,,,8,,,Dance,1,,,,5,,,8,,,,,,14,,16,17,,2,,2,3,4,5,6,
443.00,3,1,1,4,1,,Sticks,Qodba / chipotle,Mekong,Thai diner two,Jason's deli,1,,,3,,,,,1,5,6,6,6,6,,I stop in a get hummus to go all the time.,5,5,2,2,1,2,2,1,3,,4,3,3,3,2,3,3,1,3,,1,2,3,2,2,,,3,4,3,3,,,,,,,,7,,1,,,,,,,,,,Teeball and gymnastics,,,,,,,,,,,,12,,14,15,,17,,2,,,,,5,,Restaurants website
448.00,4,1,1,3,1,,Chick fil a,Sticks,Chinese,,,1,,,,4,,,,1,4,1,6,6,6,6,,1,2,1,1,1,1,1,1,1,,1,2,2,1,1,1,1,1,1,,1,2,2,2,1,,,1,2,2,2,,,,,,,,7,,,,,,,,,8,,,tball,,,,,,,,,,,,,,14,,,17,,1,,,,,,,
460.00,1,1,3,3,2,,Sticks,Applebees,Red Lobster,Tip Top,Sams Kitchen,1,1,,,,,,,1,,,,2,6,6,,2,2,1,2,1,1,2,1,2,,1,1,1,1,1,1,1,1,1,,1,3,2,2,,,,3,2,1,2,,,,,,,,7,,,,,,,,,,,,,,,3,,,,,,,,,,,,15,,,,2,1,2,3,,5,6,
461.00,4,4,1,2,1,,Mona Lisa Pizza,Panera,Chipotle,Sticks,Ace Biscuit,1,,,,4,,,,1,,4,,,,,,1,2,2,1,1,2,3,1,3,,1,3,3,2,2,2,2,1,2,,2,2,1,1,,,,1,3,2,2,,,,,,5,,,,,,,,,,,,,,,,,,,,6,,,,,11,,,,,,,,1,,,,,,,
462.00,2,2,1,1,1,,Chic fila,Chipotle,Panera,Tropical smoothie,Bonefish grill,1,,,,4,,,,1,3,,2,,,,,1,2,2,1,1,1,2,1,3,,3,3,3,2,3,3,2,1,1,,1,2,1,1,0,0,0,1,2,1,1,,,,,,,,7,,,,,,,,,,,,,,,,,,,,8,,,,,,14,15,16,,,2,,,,4,5,,
468.00,6,1,1,3,1,,Moe's,Chic fila,Wendy's,,,1,1,,,,,,,1,6,1,6,6,6,6,,1,1,1,1,1,1,1,1,1,,2,2,4,3,3,3,3,3,3,,1,2,2,2,1,1,,1,4,2,1,,,,,,,,7,Financial Director,,,,,,,,8,9,,baseball,,,,,5,,,,,,,,,,,,17,,4,1,,3,4,5,,
