obs,Have you ever visited Sticks Kebob Shop?,How many times in the last week did you do the following? - Make/eat lunch at home,How many times in the last week did you do the following? - Bring lunch to work,How many times in the last week did you do the following? - Buy lunch at work,How many times in the last week did you do the following? - Buy lunch at restaurant,How many times in the last week did you do the following? - Skipped lunch,How many times in the last week did you do the following? - Other,Please specify the top five restaurants you have visited in the last six months in order of visit frequency. - Most frequent,Please specify the top five restaurants you have visited in the last six months in order of visit frequency. - Second most frequent,Please specify the top five restaurants you have visited in the last six months in order of visit frequency. - Third most frequent,Please specify the top five restaurants you have visited in the last six months in order of visit frequency. - Fourth most frequent,Please specify the top five restaurants you have visited in the last six months in order of visit frequency. - Fifth most frequent,Please indicate how important the following factors are when you visit a restaurant - Convenient,Please indicate how important the following factors are when you visit a restaurant - Variety,Please indicate how important the following factors are when you visit a restaurant - Value,Please indicate how important the following factors are when you visit a restaurant - Healthy,Please indicate how important the following factors are when you visit a restaurant - Taste,Please indicate how important the following factors are when you visit a restaurant - Staff,Please indicate how important the following factors are when you visit a restaurant - Ambiance,Please indicate how important the following factors are when you visit a restaurant - Consistency,Please indicate how important the following factors are when you visit a restaurant - Community,Please indicate how important the following factors are when you visit a restaurant - Other,What is your gender?,What is your age?,What is your approximate average annual household income?,How would you best describe your household type?,"How many children, by age, currently live in your household? - Less than 12","How many children, by age, currently live in your household? - 12-17","How many children, by age, currently live in your household? - 18+",Please indicate your best answers to the following: I tend to plan things very carefully,Please indicate your best answers to the following: I sometimes have trouble controlling my spending,Please indicate your best answers to the following: I think it is important to purchase products that are made locally,Please indicate your best answers to the following: I carefully consider the health benefits of what I eat,Please indicate your best answers to the following: Comments,What is your profession? - Accountant,What is your profession? - Lawyer,What is your profession? - General purpose contractor,What is your profession? - Design,What is your profession? - Educator,What is your profession? - Homemaker,What is your profession? - Business professional,What is your profession? - Other,"If you have children living at home, in what activities do they participate? - Soccer","If you have children living at home, in what activities do they participate? - Football","If you have children living at home, in what activities do they participate? - Tennis","If you have children living at home, in what activities do they participate? - Lacrosse","If you have children living at home, in what activities do they participate? - Swimming","If you have children living at home, in what activities do they participate? - Music","If you have children living at home, in what activities do they participate? - Hiking","If you have children living at home, in what activities do they participate? - Visiting local attractions","If you have children living at home, in what activities do they participate? - Visiting children's museums","If you have children living at home, in what activities do they participate? - Attending local sporting events","If you have children living at home, in what activities do they participate? - Other",In what activities or hobbies do you participate yourself? - Volunteer work,In what activities or hobbies do you participate yourself? - Tennis,In what activities or hobbies do you participate yourself? - Swimming,In what activities or hobbies do you participate yourself? - Skiing/snowboarding,In what activities or hobbies do you participate yourself? - Running,In what activities or hobbies do you participate yourself? - Hiking,In what activities or hobbies do you participate yourself? - Golf,In what activities or hobbies do you participate yourself? - Gardening,In what activities or hobbies do you participate yourself? - Fishing,In what activities or hobbies do you participate yourself? - Camping,In what activities or hobbies do you participate yourself? - Bicycling,In what activities or hobbies do you participate yourself? - Yoga,In what activities or hobbies do you participate yourself? - Book clubs,In what activities or hobbies do you participate yourself? - Eating out,In what activities or hobbies do you participate yourself? - Attending local sporting events,In what activities or hobbies do you participate yourself? - Visting museums,In what activities or hobbies do you participate yourself? - Kids' activities,In what activities or hobbies do you participate yourself? - Other,"In the last month, how many times have you used coupons when you visited a restaurant?",How do you find restaurant coupons? - Valpak/direct mail,How do you find restaurant coupons? - Coupon site or blog,How do you find restaurant coupons? - Groupon/other daily deal,How do you find restaurant coupons? - Store receipt offer,How do you find restaurant coupons? - Loyalty card reward,How do you find restaurant coupons? - Offer mentioned in media,How do you find restaurant coupons? - Other
5,2,4,5,1,1,1,,Kentucky,Burger King,Wendys,McDonalds,,1,1,1,2,1,2,4,4,5,,1,2,1,1,0,0,0,2,4,3,2,,,,,,,,7,insurance customer service,,,,,,,,,,,,,,,,5,,,,,,,,,,,,,"walking, internet",5,1,,,,,6,
12,1,,,,,,,,,,,,,,,,,,,,,,,,,,,,,,,,,,,,,,,,,,,,,,,,,,,,,,,,,,,,,,,,,,,,,,,,,,,,,,
17,2,1,3,1,4,1,,McDonalds,Subway,Chick-fil-a,Mexico Resturant,Pizza Hut,1,2,1,1,1,2,2,1,2,,1,2,2,3,2,1,,1,1,5,2,,,,,4,,,,Healthcare,,,,,,6,,8,9,10,,,,,,,,,,,,,,,14,15,,17,,2,1,2,3,,,,
29,2,6,1,1,3,1,,Continental,Chili's,Blue Goat,Roosevelt,Lemaire,2,2,2,2,1,2,2,1,1,,2,2,2,2,0,0,0,2,4,2,1,,,,,,5,,,chef,,,,,,,,,,,no children,1,,,,5,,,,,,11,12,,14,,,,,2,1,,3,,,,
105,2,5,1,1,3,1,,McDonalds,Little Cesears,Panera,,,1,1,1,1,1,1,1,1,,,1,3,2,2,0,1,1,4,3,1,1,,,,,,,6,,Student,,,,,5,6,7,8,,,,,,,,5,6,,,,,,,,14,,16,,"Painting, among other crafts.",3,,,,4,5,,
107,2,6,1,1,3,1,,ihop,ocharleys,waffle house,chickfila,wendys,1,2,1,4,1,1,1,1,1,,1,1,2,2,0,0,3,2,1,4,3,,,,,,,,7,retail,,,,,,,,,,,,,,,,,,,,,,,,,14,,,,shopping,2,1,,,4,,6,
124,2,6,1,1,1,3,,Red Robin,Bertucci's,Chick FilA,,,1,2,1,2,1,2,2,2,3,,1,3,1,2,0,1,1,1,3,2,2,,,,,,5,,,,,,3,,5,,7,8,,10,,1,,,,,,,,,,,12,,,,,,Aerobics,4,1,2,,4,,6,
134,1,,,,,,,,,,,,,,,,,,,,,,,,,,,,,,,,,,,,,,,,,,,,,,,,,,,,,,,,,,,,,,,,,,,,,,,,,,,,,,
135,2,7,7,1,1,1,,Apple Bee's,Five Guys,Au Bon Pain,Ledo's,Chili's,1,1,1,1,1,1,1,2,2,,1,2,1,2,,,,1,2,2,1,,,,,,,,7,Bookkeeper,,,,,,,,8,,,no children,,,,,5,,,,,10,,12,,,,,,,1,,,,,,,
140,2,3,6,1,1,2,,Cracker Barrell,Red Lobster,Ichiban Grill,Giovanni's,,2,1,1,2,1,1,2,1,3,,1,3,1,2,0,0,0,1,2,2,3,,,,,,,,7,customer service,,,,,,,,,,,none,,,3,,,,,8,,,,,,14,,16,,,2,1,2,,,,,
143,2,6,1,1,2,1,,Cook Out,,,,,2,3,1,2,2,2,2,2,2,,1,3,1,2,0,0,1,3,2,2,2,,,,,,,6,,,,,,,,,,,,,,,,,,,,,8,,,,,,,,,,,2,,2,,,,6,
156,2,,4,,,,,,,,,,6,6,6,6,6,6,6,6,6,,,,,,,,,,,,,,,,,,,,,,,,,,,,,,,,,,,,,,,,,,,,,,,,,,,,,,,,,,
192,2,6,1,1,2,1,,Bell Cafe,,,,,2,2,2,1,1,1,1,1,1,,1,4,1,2,0,0,0,2,4,2,1,,,,,,,,7,web developer,,,,,,,,,,,none,,,,,,,,8,,,,,,,,,,church choir,1,,,,,,,
201,2,1,1,1,2,6,,Subway,Quiznos,Jasons,Jersey Mike,Panera Bread,1,1,1,1,1,2,1,1,1,,1,3,1,1,0,0,0,1,4,2,2,,,,,,5,,,Student,,,,,,,,,,,,1,,,,,,,,,,,,13,14,,16,,,2,1,,,4,5,,
238,1,,,,,,,,,,,,,,,,,,,,,,,,,,,,,,,,,,,,,,,,,,,,,,,,,,,,,,,,,,,,,,,,,,,,,,,,,,,,,,
240,2,5,1,1,1,2,,burger king,mcdonalds,pizza hut,five guys,subway,1,2,1,5,1,2,2,1,3,,1,3,1,3,0,1,1,1,1,3,2,,,,,,,6,,,1,,,,,,,,,,,,,,,,,,,,,,,,14,,,,walking,2,,,,4,5,,
261,2,3,1,1,6,4,,Panera,Denney's,K & L Barbecue,Sagebrush,Croakers',2,1,1,1,2,2,2,2,4,,1,4,2,2,0,0,0,2,4,2,2,,,,,,,,7,Civil Service Management Analyst,,,,,,,,,,,NA,1,,3,,,,,8,,,,,13,14,15,16,17,"Attending Plays & Concerts, Attending & watching most college & pro sports events, Weight Machines",2,1,,,4,5,6,
266,2,7,1,1,2,1,,shangra la buffet,subway,,,,1,1,1,1,1,1,1,1,1,,1,3,1,2,0,0,0,1,4,1,1,,,,,,,6,,,,,,,,,,,,,,1,,3,,,,,8,9,,,,,14,,16,,,1,,,,,,,
32,2,3,5,1,1,2,,Golden Corral,,,,,1,1,1,2,1,1,1,1,1,,1,2,1,1,3,,,1,3,3,2,,,,,,5,,,,,,,,,,,,9,,,,,,,,,,,,,,,,,,,17,,3,1,2,,,,,
38,1,,,,,,,,,,,,,,,,,,,,,,,,,,,,,,,,,,,,,,,,,,,,,,,,,,,,,,,,,,,,,,,,,,,,,,,,,,,,,,
46,2,7,,,,,,McDonalds,KFC,Hardee's,Pizza Hut,Local Pizzeria,1,2,1,3,1,1,1,1,2,,1,2,1,1,0,0,0,2,3,2,2,,,,,,,,7,Healthcare Nurse,,,,,,,,,,,No children,,,3,,,,,8,9,,,,,,,,,,1,,,,,,,
49,2,3,2,5,3,3,,Starbucks,California Tortilla,Tokyo Sushi,Ruby Tuesday,Applebees,1,2,1,1,1,1,2,1,2,,1,2,3,2,0,0,0,4,3,2,2,,,,,,,,7,,,,,,,,,,,,,1,,3,,,6,,,9,10,,,,14,15,16,,Group exercise and travel,2,,,3,4,5,6,
58,2,,,,,,,,,,,,,,,,,,,,,,,,,,,,,,,,,,,,,,,,,,,,,,,,,,,,,,,,,,,,,,,,,,,,,,,,,,,,,,
68,2,3,2,2,2,3,,chick-fil-a,burger king,mcdonalds,subway,bojangles,1,1,1,2,1,2,2,1,5,,1,1,2,2,1,,,2,2,3,4,,,,,,5,,,Student,,,,,,,,,,,Basketball,1,,,,,,,,,,11,,,,,16,,,2,1,2,,,5,,
77,1,,,,,,,,,,,,,,,,,,,,,,,,,,,,,,,,,,,,,,,,,,,,,,,,,,,,,,,,,,,,,,,,,,,,,,,,,,,,,,
87,2,2,1,1,1,7,,subway,top china,golding corral,chenellos,papa john,1,2,1,1,1,1,2,1,2,,1,2,1,2,,,,1,3,5,1,,,,3,,,,,fast food,,,,,,6,,,,,my children dont live at home,,,,,,,,,,,,,13,,,,,I do arts and craft,1,,,,,,,
89,2,5,1,2,2,1,,Chick-fil-a,Jersey Mikes,Taco Bell,Chili's,McDonalds,1,2,1,2,1,1,1,1,3,,1,1,1,1,0,0,0,2,3,4,2,,,,,,,6,,,,,,,,,,,,,No kids,1,2,3,,5,,,,,,,,,14,15,,17,,2,1,2,3,4,5,,
90,2,4,1,1,4,1,,Cookout,Taco Bell,McDonalds,Chipotle,Sonic,1,1,1,2,1,2,2,1,2,,1,1,2,2,0,1,3,2,1,2,2,,,,,,,6,,Student,,,,,,,,,,,,1,,,,5,6,,,,,,,,14,15,,,,1,,,,,,,
95,2,7,2,2,3,3,,quiznos,chickn fila,ruby tuesdays,fridays,wendys,1,1,1,1,1,1,1,1,1,,1,2,1,2,3,,,1,2,3,1,,,,,,,6,,,,,,,,,,,,,,,,,,,,,,,,,,,,,16,17,,2,,,,,,6,
99,2,1,1,1,7,1,,Lamer Resturant,Lamer Resturant,Lamer Resturant,Lamer Resturant,Lamer Resturant,1,2,1,1,1,2,2,1,1,,1,3,1,1,0,0,0,1,5,1,1,great,1,,,4,5,6,7,,,,,,,,,,,,none,,,3,,,,7,,,,,12,13,14,,,,,5,,,,,5,,
103,2,7,1,1,1,1,,Outback Steakhouse,,,,,1,1,1,2,1,1,2,1,2,,1,3,1,1,0,0,0,2,3,2,2,,,,,,,6,,retired/disabled,,,,,,,,,,,,,,,,,,,,,,,,,14,,,,,1,,,,,,,
113,2,3,1,1,5,2,,arbys,mcdonalds,wendys,taco bell,pizza hut,1,1,1,3,1,1,2,2,3,,1,2,2,2,1,2,0,1,4,3,2,,,,3,,,,,hospitality,,2,,,,6,,,,,gymnastics,,,,,,,,,,,,,,14,15,,17,,1,,,,,,,
114,2,6,1,1,4,1,,applebee,rudy tuesday,padow's,kanpal,crossflite,1,2,1,1,1,1,1,1,2,,1,3,2,3,16,,18,1,2,3,1,,,,,,,6,,,,,,,,6,,,,10,,1,,,,,,,,9,,,,,14,15,16,,,2,,,,4,,,
118,1,,,,,,,,,,,,,,,,,,,,,,,,,,,,,,,,,,,,,,,,,,,,,,,,,,,,,,,,,,,,,,,,,,,,,,,,,,,,,,
125,2,4,,,3,3,,Sidewalk Cafe,Cookout,The Village,Kuba Kuba,821 Cafe,2,1,1,2,1,2,2,1,2,,1,1,1,3,0,0,3,1,2,1,2,,,,,,,,7,,,,,,,,,,,,,1,,3,,,,,,,,,,,14,,16,,,2,,2,,,,6,
126,2,4,4,4,4,4,,fridays,outback,ocharlies,applebees,olive garden,3,3,3,3,3,3,3,3,3,,1,3,1,2,0,1,0,2,2,2,2,,,,,,5,,,bus driver,,2,,,5,,,8,,10,,,,3,,,,,,,,,,,14,15,,,,3,1,,,,,,
127,2,7,1,1,1,1,,PRIMOS,APPBLEBEES,MCDONALDS,ARBYS,WENDYS,1,1,2,2,2,2,2,2,2,,1,2,2,2,2,1,,2,2,2,2,,,,,,,,7,,1,,,,,,,,,,,,,,,,,,,,,,,,,,,17,,1,,,,,,,
138,2,6,1,1,1,1,,mcdonalds,burger king,wendys,sonic,subway,2,2,3,3,1,3,3,2,5,,1,2,3,2,1,0,0,1,2,2,3,,,,,,,,7,,,,,,,,,,,,none,,,,,,,,,,,,,,,,,17,,1,,,,,,,
142,2,5,1,1,2,2,,ghenghis khan,outback,applebee's,,,2,2,2,3,2,1,1,1,,,1,3,1,2,0,0,1,2,3,2,2,,,,,,,6,,,,,,,,,,,,,,1,,,,,,,8,,,,,,,,,,,2,1,2,3,4,,,
144,2,2,1,1,1,6,,Angelo's,Applebee's,Outback,China Taste,Subway,2,1,1,1,1,1,1,2,1,,1,3,2,2,,,,1,2,2,1,,,,,,,6,,,,,,,,,,,,,my children are 36  & 39,1,,3,,,,,,,,,,,14,,16,,,3,1,,3,,5,,
148,2,1,4,2,1,3,,family secrets,,,,,1,2,1,5,1,3,3,3,5,,2,2,2,2,1,,,3,1,3,2,,,,3,,,,7,,,,,,,6,,,9,,,,,,,,,,,9,,,,,,,,,,1,,,,,,,
149,2,3,2,2,4,,,Maggiano's,Panera bread,Elephant Thai,Qdoba,Applebee's,2,2,1,2,1,2,2,1,3,,1,3,3,2,0,0,0,2,1,2,2,,,,,,,,7,,,,,,,,,,,,,,2,,,,,,,,,,,,,,,,,2,,2,3,4,,,
154,2,1,1,1,6,1,,Applebee's,Outback Steakhouse,Arby's,Olive Garden,Croaker Spot,2,2,2,2,2,2,2,2,2,,1,3,2,2,1,0,1,2,3,2,2,,,,,,,,7,,,,,,,,,,,,Cheerleading,,,,,,,,,,,,,,14,,,,,1,,,,,,,
160,2,7,1,1,5,4,,McDonalds,Chick Fil A,Taco Bell,,,1,1,1,3,1,2,2,1,2,,1,3,1,2,2,1,0,2,4,5,5,,,,,,,6,,,,,,,,,,,,,,,,,,,,,,,10,,,,,,,,,4,1,,,,,,
173,2,1,1,1,1,7,,McDonalds,Burger King,Hoss's,Perkins,Huddle House,2,1,1,3,1,2,2,1,3,,1,1,1,1,0,0,0,2,3,2,2,,,,,,5,,,Writer,,,,,,,,,,,,,,3,,,,,,9,10,,,13,14,,16,,Horseback Riding,1,,,,,,,
176,2,4,1,1,5,1,,Daddyo's,Jimmy's,New York Deli,,,1,1,1,2,1,1,1,1,1,,1,3,1,1,,,none,2,3,2,1,,,,,,,6,,,,,,,,,,,,,no children,,,,,,,,8,,,,,13,,,,,,1,,,,,,,
177,2,7,1,1,1,3,,seafood restaurants,steak,mcdonalds,wendys,burgerking,1,2,1,1,1,1,1,1,1,,1,4,1,1,none,none,none,1,2,2,2,,,,,,,,7,,,,,,5,,,,,,no children at home,,,3,,,,,,,,,,,14,15,,17,,1,,,,,,,
178,2,5,4,1,1,1,,panera,jasons deli,chilis,smoky bones,cracker barrel,2,2,3,1,1,1,1,1,2,,1,3,3,2,0,0,0,2,2,2,2,,,,,,,,7,,,,,,,,,,,,,,,,,,,,,,,,,,14,15,,,,1,,,,,,,
180,2,3,1,1,4,2,,Wendy's,McDonald's,Subway,Dominos,Panera Bread,1,2,1,2,1,2,2,1,2,,1,3,1,2,,,1,1,3,2,2,,,,,,5,,,,,,,,,,,8,,,,,,,,,,,8,,10,,,,14,,,,,3,1,2,3,4,5,,
208,1,,,,,,,,,,,,,,,,,,,,,,,,,,,,,,,,,,,,,,,,,,,,,,,,,,,,,,,,,,,,,,,,,,,,,,,,,,,,,,
220,2,7,1,1,1,1,,all visited equally,,,,,2,2,1,2,2,2,3,2,2,,2,3,3,2,0,0,0,2,4,5,2,,,,,,,,7,none of the above,,,,,,,,,,,n/a,1,,,,,,,,,,,,,,,,,music,1,,,,,,,
224,2,6,1,1,4,4,,McDonalds,Popeyes,Poppa Johns,Applebees,,1,1,1,1,1,1,2,2,2,,,,,,,,,,,,,,,,,,,,,,,,,,,,,,,,,,,,,,,,,,,,,,,,,,,,,,,,,,
239,2,7,1,1,1,1,,dominoz,india pastry,,,,2,1,1,1,1,1,1,1,1,,1,2,3,2,1,0,0,1,1,1,1,,,,,,,6,,,,,,,5,,,8,9,10,,,,3,,,,,,,,,,13,14,15,16,17,,2,1,,,,,6,
243,2,5,,,4,,,Panera Bread,Eileen's Fredericksburg,Brock's Fredericksburg,McDonalds anywhere,Cracker Barrel,1,2,2,1,1,2,2,1,3,"Good service (efficient, & quick for the type place)",1,3,3,2,0,0,0,2,4,2,1,,,,,,,,7,Retired Mathematician,,,,,,,,,,,none,1,,,,5,6,,8,,,,,,14,,16,,YMCA classes,1,,,,,,,
244,2,1,1,4,3,3,,chick fil a,chipotle,panera,taco bell,ricos,2,1,1,2,1,1,1,1,2,,1,1,3,2,0,1,0,2,2,2,2,,,,,,5,,,student,1,,3,,,,,8,,,,1,,,,,6,,,,,,,,14,15,16,,,2,1,,,4,,,
251,2,3,1,1,1,5,,none,,,,,1,2,1,3,1,1,3,2,3,,2,3,2,3,0,0,0,2,3,2,4,,,,3,,,,,damaged,,,,,,,,,,,none,,,,,,,,8,,,,,,,,,,none,2,1,2,,,5,,
252,2,7,1,1,2,1,don't work full time,Casa Grande Broad Street,Subway Midlothian Tnpk,,,,2,3,1,1,1,1,1,1,5,,1,3,1,1,0,0,0,1,2,2,2,,,,,,,6,,Pet care,,,,,,,,,,,no children,1,,,,,6,,8,,,,,,,,,,,5,,,,,5,,
24,1,,,,,,,,,,,,,,,,,,,,,,,,,,,,,,,,,,,,,,,,,,,,,,,,,,,,,,,,,,,,,,,,,,,,,,,,,,,,,,
26,2,5,5,1,1,1,,applebees,chilis,ruby tuesdays,fridays,chipotle,1,2,2,2,1,1,2,1,2,,2,3,3,2,0,0,1,2,3,2,2,,,,,,,,7,,1,,3,,5,6,,8,,10,,1,2,3,,5,,7,8,9,10,11,,,14,15,16,17,,2,1,,,4,5,,
28,2,,,,,,,,,,,,,,,,,,,,,,,,,,,,,,,,,,,,,,,,,,,,,,,,,,,,,,,,,,,,,,,,,,,,,,,,,,,,,,
40,2,2,1,4,5,3,,Wendys,Mcdonalds,Burger King,T.G.I.Fridays,Golden Corral,2,2,1,1,1,1,2,2,2,,1,1,1,1,1,,,3,1,5,2,,,,,4,,,,Fast food,,,,,,,,,,,,,,3,,,,,,,,,,,14,,,,,1,,,,,,,
41,2,3,4,3,,,,don papa grande,outback,buffalo wild wings,applebees,,3,2,1,1,1,2,1,2,3,,1,3,2,2,,01/13/2014,,3,3,2,1,,,,,,,,7,,,,3,,5,6,,8,,10,,,2,3,,,,,,,,,12,13,14,,,,,2,1,,,,,,
42,2,7,6,1,1,1,,Panera,Texas Roadhouse,Red Robin,Plaza Azteca,China Taste,2,2,1,1,2,2,2,2,2,,1,2,2,2,1,0,0,1,4,2,1,,,,,,5,,,,1,,,,,,,,9,,art,1,,,,5,,,,,,,,13,,15,,17,soccer,2,1,2,3,,5,,
48,1,,,,,,,,,,,,,,,,,,,,,,,,,,,,,,,,,,,,,,,,,,,,,,,,,,,,,,,,,,,,,,,,,,,,,,,,,,,,,,
52,2,3,1,1,1,5,,Mcdonalds,hardees,5 guys,chipotle,07/11/2014,1,2,1,3,1,1,2,3,3,,2,1,1,1,0,2,0,2,4,1,2,,,,,,,,7,,,,,,,,,8,,,,1,,,,,,,,9,,,,,,,,,,3,1,2,,4,5,,
60,2,4,1,3,,2,,Muddy Buck,Taco Bell,Stage Coach Saloon,Wendys,McDonalds,2,1,1,4,1,1,2,2,2,,1,3,1,1,0,0,0,3,3,1,3,,,,,,,,7,Caregiver,,,,,,,,,,,N/A,1,,,,,6,,,,,,,13,14,,16,,attending fundraisers,1,,,,,,,
62,2,2,4,1,4,1,,Champps,Frank's Italian,Chianti,Arby's,Deep Run Roadhouse,2,2,1,5,1,2,2,2,3,,1,3,1,1,0,0,0,2,4,2,4,,1,,,,,,,,,,,,,,,,,,,,,,,,,,,,,,,,14,,16,,,2,,2,,4,5,,
73,2,3,5,1,2,3,,Hardees',Chef Lee,Dairy Queen,,,1,1,1,3,1,2,2,1,3,,2,3,2,2,0,0,0,2,2,3,3,,,,,,,,7,Web design / architecture,,,,,,,,,,,,,,,,,,,,,,,,13,,,,,Reading,3,1,,,4,,,
82,1,,,,,,,,,,,,,,,,,,,,,,,,,,,,,,,,,,,,,,,,,,,,,,,,,,,,,,,,,,,,,,,,,,,,,,,,,,,,,,
88,2,7,7,7,1,3,,Red Lobster,,,,,2,1,1,2,1,1,1,1,2,,1,3,1,2,0,1,0,3,2,2,2,,,,,,,6,,,,,,,5,,,8,,,,,,,,,,,8,9,10,,,,14,,,17,,5,,,,,,6,
94,2,4,1,1,1,5,,babes,galaly,,,,1,2,1,2,2,2,2,2,1,,1,3,1,1,0,0,0,2,4,2,2,na,,,,4,,,,,,,,,,6,,,,,,,,,,,6,,,,,,,,,,,,,1,,,,,,,
104,2,1,1,1,5,2,,mcdonalds,wendys,hardees,ruby tuesdays,applebees,1,1,1,1,1,1,1,1,,,1,2,1,1,1,0,0,3,1,2,2,,,,,,,,7,,,,,,,,7,,9,,,,,3,,5,,,,,,,,,,,,,,2,1,,,,,6,
111,2,2,6,1,1,1,,Ruby Tuesday,Pinos,,,,3,2,2,3,1,1,1,1,3,,1,3,3,2,1,,1,3,4,3,2,,,,,,5,,,,,,,,5,,,,,,Girl Scouts,,,,,,,,,,,,,,,,,17,Working Out at the YMCA,2,,,,,,6,Mailed to me
112,2,4,1,1,,1,,N/A,N/A,N/A,N/A,N/A,1,1,1,1,1,1,2,2,3,,1,3,2,1,None,None,None,2,3,2,1,,,,,,,6,,unemployed,,,,,,,,,,,N/A,,,,,,,,,,,,12,,,15,,,,1,,,,,,,
115,2,3,1,2,5,1,,Bo jangles,sonic,longhorn steakhouse,cheese cake factory,denny's,2,1,1,1,1,1,1,1,1,,2,3,2,2,0,0,0,2,2,1,2,,,,,,,,7,nurse assistant,,,,,,,,,,,,,,,,,6,7,8,9,10,,,,,,,,"Reading,",2,1,,,4,,6,
119,2,4,3,2,2,1,,arbys,mcdonmalds,panera,,,1,1,2,2,1,1,1,2,2,,1,2,2,2,1,1,2,1,1,2,2,,,,,,,6,,,,,,4,5,,,,,,,,2,3,,,,,,,,,,,,,,,,5,1,2,,,,,
123,2,4,1,1,2,4,,Tazikis,Tripps,Leo's Pizza,,,1,1,1,3,1,1,2,1,3,,1,2,2,2,1,0,0,1,2,2,4,,,,,,,,7,,,,,,,,,,,,,,,,,,,,,,,,,,14,,,,,1,,,,,,,
129,2,7,1,1,1,1,,sheetz,pepicelli pizza,Burger king,hardees,mc dondale,2,2,1,1,1,2,2,2,2,,1,4,1,1,0,0,0,2,3,2,2,,,,,,,6,,retired,,,,,,,,,,,no child,,,,,,,,,9,,,,,14,,,,walking,2,1,,,4,,,
132,2,4,1,1,4,4,,Mcdonalds,Chick-fil-a,Calabash,,,2,2,1,1,1,2,2,2,3,,1,1,1,1,0,0,0,2,3,2,2,,,,,,,6,,student,,,,,,,,,,,dont hAVE KIDS,1,2,3,4,5,6,7,8,9,10,11,12,13,14,15,16,,,2,,2,,,,,
152,1,,,,,,,,,,,,,,,,,,,,,,,,,,,,,,,,,,,,,,,,,,,,,,,,,,,,,,,,,,,,,,,,,,,,,,,,,,,,,,
161,2,7,1,1,1,1,,,,,,,3,3,3,3,3,3,3,3,3,,1,3,1,1,,,,2,2,2,1,,,,,,,6,,housekeep,,,,,,,,,,,,,,,,,,,,,,11,,,,,,,walk,5,,2,,,,,
163,2,6,1,1,3,1,,burger king,McDonnell's,Arby's,hardies,,2,2,2,3,2,3,4,2,5,,2,4,2,1,0,0,0,2,2,3,2,,,,,,5,,,retired,,,,,,,,,,,none,,,,,,,,8,,,,,,,,,,quilting,1,,,,,,,
168,2,2,2,1,5,1,,mcdonalds,wendys,kfc,applebees,burger king,4,1,1,4,1,3,3,1,4,,1,1,1,2,2,0,0,3,2,3,3,,,,,,,6,,,,2,,,,,,,,,,,,3,,,,,,,,,,,14,,,,,2,1,2,,4,,,
170,2,6,2,1,2,1,,Nino's Pizza,McDonald's,Taco Bell,KFC,BugerKing,3,2,1,2,1,2,3,1,2,,1,2,1,2,0,0,2,2,3,2,3,,,,,,,6,,,,,,,,,,,,,no children,,,,,,,,8,,,,,,,,,,Macrame,1,,,,,,,
175,2,3,1,1,6,1,,"cold harbor restaurant, mechanicsville, va","le patron mechanicsville, va","nicks mechanicsville, va","annas mechanicsville, va","awful arthurs mechanicsville, va",2,1,1,3,1,2,2,2,1,,1,4,3,2,0,0,0,1,4,4,2,none,,,,,,6,,retired,,,,,,,,,,,none,1,,,,,,,,,,,,,14,,,,quilting,2,1,,,4,5,,
179,2,2,6,1,1,1,,McDonald's,Bojangles,Arby's,,,2,2,1,2,2,1,2,1,1,,1,3,1,2,1,,,2,2,2,2,,,,,,,,7,Mail Clerk,,,,,5,6,,8,9,,,1,2,3,,,,,,,,,,,14,,,,,5,1,2,3,4,5,,
182,2,7,,,,,,mcdonald,,chick fila,popeyes,olive garden,6,,1,,2,,1,6,,,2,4,3,3,,,,1,,1,5,,,,,,,,7,,,,,,,,,,,,,,,,,,,,,,,,,,,15,,,church,5,,,,4,,6,
185,2,3,5,1,2,1,,Outback,Applebees,local,local,local,2,2,2,2,2,2,2,2,2,,1,3,2,1,0,0,0,2,4,2,2,,,,,,,,7,,,,,,,,,,,,,,,,,,,,,,,,,,,,,17,none,2,,,3,,,,
190,2,7,1,1,1,2,,taco bell,cicis pizza,mcdonalds,dennys,little caesars pizza,2,1,1,2,1,1,1,1,3,,1,2,1,1,1,2,0,1,4,,3,,,,3,,,,,home health aid,,,,,,,,8,,10,,,,,,,,,,,,,,,,15,,17,,1,,,,,,,
191,2,3,6,1,1,1,,Ruby Tuesday,Applebees,Olive Garden,McDonald's,Chick-Fil-A,3,2,2,2,1,1,2,1,3,,1,3,1,1,2,0,1,1,3,2,2,,,,,,,,7,Copy Center Manager,,,,,,6,,8,,,Basketball,,,,,,,,,,,,,,14,,,17,walking,2,,,,4,,6,Mail
200,2,4,1,1,3,1,,,,,,,4,,3,3,1,1,1,1,1,,1,2,1,1,,1,,2,4,2,2,,,,,,5,,,transportation,,,,,,,,,,,band,,,,,,,,,,,,,,,15,,,dancing,1,,,,,,,
218,2,5,1,1,3,2,,outback,chinese,applebees,,,2,2,2,2,2,2,2,2,3,,1,2,2,2,0,0,0,3,3,2,2,,,,,,,6,,,,,,,,,,,,,,,,,,,,,,,,,,,14,,,,,2,,2,,,,,
226,2,6,1,1,3,1,,arbys,bob evans,chick fil a,subway,Mc donalds,1,1,1,2,1,2,2,1,2,drive thru,1,4,2,3,0,0,0,2,4,1,2,,,,,,,6,,retired,,,,,,,,,,,,,,,,,,,8,,,,,,14,,,,thrifting,2,1,2,3,,,,
228,2,6,1,1,2,2,,Applebees,Cracker Barrel,Yen Ching,Crazy Greek,Chili's,2,2,2,3,1,1,1,1,3,,1,4,2,1,0,0,0,2,3,2,3,,,,,,,,7,Retired,,,,,,,,,,,,,,3,,,,,,,,,,,,,,,water aerobics,2,1,,3,,,,
242,2,4,2,1,4,1,,hardee,mcdonald,chick filet,wendy,denny,2,2,1,4,2,2,2,2,4,,1,4,2,2,0,0,2,3,4,3,3,,,,,,,,7,family therapist,,2,3,,,,7,8,,,,1,,,,,6,,8,9,10,,,,14,,16,,,4,1,,,,,6,
245,2,2,4,3,3,1,,La Pariesienne,The Daily Grill,Akida,Banditos,On the Rox,2,2,1,1,1,2,3,1,1,,2,2,2,1,0,0,0,1,1,2,2,,1,,,,,,,,,,,,,,,,,,,1,,,,5,,,,,,,,,14,15,16,,,2,1,,3,,,,
249,2,6,1,1,1,3,,McDonald's,Herb Cottage,Pinara,Ruby Tuesday,Wendy's,2,1,2,2,1,2,2,1,2,,1,4,2,1,0,0,0,2,4,2,2,,,,,,5,,,Retired,,,,,,,,,,,,1,,3,,,,,8,,,,,,14,15,16,17,Movies,2,,,3,,,6,
265,2,2,1,1,4,2,,Chinese,Don Papa Grande,Cafeteria,Subway,Subway,1,1,1,1,1,1,1,1,1,,1,3,1,1,0,0,0,2,3,3,2,,,,,,,6,,semi retired,,,,,,,,,,,none,1,,,,,,,8,,10,11,,,14,,,,,2,1,,3,,,6,gift cards given to me by friends
4,2,5,5,1,1,2,,Casa Grande,Chic-fila,Jade,Texas Roadhouse,Plaza Ateza,1,2,1,2,1,1,1,1,1,,1,3,2,1,,,,1,3,3,2,,,,,,,,7,,,,,,,,7,8,,10,,,,,,,,,,,,,,,,15,,,,3,1,2,,4,,,
10,2,7,1,1,1,1,,Buffalo Wild Wings,Mexican,Sonic,Marios,Mcds,1,1,1,2,1,1,1,1,3,,1,1,1,2,1,0,4,2,2,5,3,,,,,,,,7,,,,,,,,,,,,Baseball,,,,,,,,,9,,,,,,15,,,Volleyball,1,,,,,,,
20,1,,,,,,,,,,,,,,,,,,,,,,,,,,,,,,,,,,,,,,,,,,,,,,,,,,,,,,,,,,,,,,,,,,,,,,,,,,,,,,
21,2,5,2,1,2,2,,Olive Garden,Bulls,McDonalds,,,1,1,1,3,1,1,1,1,3,,1,2,2,1,non,none,none,1,4,3,2,,,,,,5,6,,,,,,,,,,,,,,,,,,,,,,,,,,,14,,,,,3,,2,3,4,5,,
22,2,3,5,1,2,1,,wendys,arbys,simons cafe food cart,christophers run away gourmet food cart,mcdonalds,1,2,2,3,1,2,3,2,2,,1,2,2,2,2,0,0,2,4,2,2,,,,,,,,7,administrative assistant,,2,,,,,,,,,basketball,,,,4,,,,,,10,,,,14,,,17,,2,1,,,4,,,
25,2,6,5,3,2,3,,n/a,n/a,n/a,n/a,n/a,3,4,2,1,1,2,2,1,3,,2,1,2,1,0,0,0,1,4,2,1,,,,,,,,7,,,,,,,,,,,,,1,,,,5,6,,,,,11,,,,,,,,1,,,,,,,
30,2,2,1,1,1,1,,Hardees,Arbys,,,,1,1,1,5,1,1,1,1,3,,1,3,1,2,0,0,0,2,2,1,2,,,,,,,6,,,,,,,,,,,,,,,,,,,,,,9,,,,,,,,,,2,,,,,,6,
34,1,,,,,,,,,,,,,,,,,,,,,,,,,,,,,,,,,,,,,,,,,,,,,,,,,,,,,,,,,,,,,,,,,,,,,,,,,,,,,,
45,2,6,1,1,3,1,,Olive Garden,Lings Island,Charleys,Country Cooking,Weindy'sAr,2,2,2,1,1,2,1,1,2,Clean,,,,,,,,,,,,,,,,,,,,,,,,,,,,,,,,,,,,,,,,,,,,,,,,,,,,,,,,,
50,2,6,1,1,2,2,,McDonald's,Wendy's,Olive Garden,Golden Corral,Arby's,1,1,1,2,1,1,1,1,3,,1,4,1,1,0,0,0,1,2,1,2,,1,,,,,,,Retired,,,,,,,,,,,,1,,,,,,,8,,,,,,14,,,,,2,1,2,,4,,6,
51,2,5,2,1,2,2,,Don Pedros,Chilis,Sticky Rice,Bo Dillaz,Penny Lane,2,2,2,2,1,2,2,2,2,,1,3,3,2,0,2,1,2,3,2,2,,,,,,5,,,minister,,,,,,,,8,9,,,1,,,,,,,,,,,,,14,,16,,zumba,3,1,2,,,,,
59,2,6,5,6,6,5,,mcdonalds,hardees,,,,1,2,2,2,1,1,2,2,2,,2,2,1,1,2,0,0,1,2,2,2,,,,,,5,,,,1,2,,,,,,,,,,,2,,,,,,,,,,,,,,,,,4,,2,3,,,,
63,2,6,1,1,2,3,,panera,ruby tuesday,fridays,crazy greek,bonefish,3,1,1,1,1,1,1,1,2,,1,4,2,1,0,0,4,2,4,2,1,,,,,,,6,,,,,,,,,,,,,Don`t have children living at home,,,,,,6,,,9,,11,12,,,,,,,5,1,2,3,,5,,
64,2,7,1,1,4,2,,McDonalds,Papa Johns,Popeys,Taco Bells,KFC,1,1,1,2,1,1,1,1,2,,1,3,1,2,3,0,0,2,4,2,2,,,,,,,6,,,1,,,,,,,,,,,,,,,,,,,,,,,,14,,,17,,2,1,2,,4,5,,
65,2,6,6,6,2,1,,;LKJB,;;lhbdsDBJ;SD,jbiks;,euoibe,bkj;s,2,1,1,1,1,2,2,2,3,,2,2,2,2,0,1,0,2,3,2,2,,,,,,,,7,sercuity,,2,,,,,,,,,,1,,,,,,,,,,,,,,,,,,2,,2,,,,,
75,2,7,1,1,1,1,,none,,,,,2,1,1,3,1,1,1,1,3,,,,,,,,,,,,,,,,,,,,,,,,,,,,,,,,,,,,,,,,,,,,,,,,,,,,,,,,,,
80,2,3,1,1,2,3,,kfc,burger king,macdonalds,subway,pizza hut,2,2,2,2,2,2,2,2,3,,1,3,1,1,1,0,1,2,3,3,3,,,,,,,6,,,,,,,,,,,,,none,,,,,,,,,,,,,,14,,,,,2,1,,,4,,,
91,2,7,1,1,1,4,,Starbucks,Chipotle,McDonald's,Trigris,Popeye's,2,2,2,2,1,1,1,1,3,,1,1,1,3,none,none,none,3,2,2,2,,,,,,,6,,,,,,,,,,,,,,,,,,,,,8,9,10,,,,14,,16,,,1,,,,,,,
93,2,7,1,1,2,1,,Ruby Tuesday,Johnny Rockets,Panera,Smokey Bones,Wendy's,2,1,1,2,2,2,3,2,3,,1,2,1,2,1,0,0,2,2,3,2,,,,,,,6,,,,,,,,,,,,,,,,,,,,,,,,,,,14,,,,,2,1,2,,,,,
102,2,1,5,1,1,1,,Burger King,McDonald's,Wendy's,Captain Dee's,Red Lobster,1,2,1,2,1,2,2,2,2,,1,3,1,1,,,2,2,2,3,3,,,,,,,,7,,,,,,,,,,,,Work,,,,,,,,,9,,,,,14,,,,,1,,,,,,,
108,2,7,5,,3,2,,Red Lobster,Ruby Tuesday,Apply Bees,Steak & Shake,Mc Donald,1,1,1,1,1,1,1,1,1,,1,3,1,2,,,one,1,2,2,1,,,,,,,6,,,,,,,,,,,,,Do not have young children living with me.,1,,,,,,,,,,,,13,,,,,,1,,,,,,,
128,2,3,,,1,1,,wendys,mcdonalds,burger king,el patron,mosaic,1,1,1,1,1,1,1,1,1,,1,3,1,2,0,0,0,1,1,1,2,,,,,,,,7,customer service for local government,,,,,,,,,,,no children at home,1,,,,,,,,,,,,,14,,,,,4,1,,,,,,
131,2,7,1,1,1,1,,Red Lobster,,Longhorn Steakhouse,,,1,1,2,4,1,1,1,1,1,,1,4,2,2,,,none,2,3,2,3,,,,,,,6,,,,,,,,,,,,,,,,,,,,,,,,,,13,14,,,,,2,,,,,,6,computer
141,2,7,7,1,2,2,,mcdonalds,wendys,hardees,subway,burger king,1,1,1,1,1,1,1,1,1,,1,2,1,2,2,0,0,1,4,1,1,,,,,,,6,,,,,,,,,,,9,,cheerleading,,,,,,,,,,,,,,,,,17,,4,1,,,4,5,,
153,2,3,4,3,1,1,,Thai Diner,Tripps,Cheesecake factory,Sushi-O,Carrabas,2,1,2,4,1,2,2,1,3,,1,2,3,2,0,0,0,1,4,2,2,,,,,,5,,,,,,,,,,,,,,,1,,,,,,,,,,,,,14,,16,,,1,,,,,,,
158,2,2,5,2,2,1,,Panera,McDonalds,Cookout,Martins,Olive Garden,1,1,1,1,1,1,1,1,2,,1,2,2,2,0,0,0,3,2,3,3,,,,,,5,,,,,,,,,,,,,,,1,,,,,,,,,,,,,14,,,,,3,1,2,3,4,5,6,
172,2,,,,,,,,,,,,,,,,,,,,,,,,,,,,,,,,,,,,,,,,,,,,,,,,,,,,,,,,,,,,,,,,,,,,,,,,,,,,,,
183,2,2,6,1,1,1,,McDonalds,Panera,Islamorada Fish Company,Bonefish Grill,,2,2,1,2,1,1,1,1,2,,1,3,2,2,3,0,0,1,3,2,1,,,,,,,,7,,,,,,,,7,8,,,Scouts,,,,,5,6,,8,,,,,,,,16,17,,1,,,,,,,
184,2,5,1,1,4,1,,Ma and Pa's,McDonalds,Hardees,Applebees,Wendys,2,3,2,3,2,2,3,2,2,,1,3,1,2,0,0,0,3,3,2,2,,,,,,,6,,,,,,,,,,,,,,1,,,,,6,,,,10,,,,14,,,,,1,,,,,,,
186,2,1,1,1,7,1,,crab louies,cracker barrel,famous daves,arbys,burger king,1,1,1,1,1,1,1,1,3,,1,4,1,2,0,0,0,1,4,1,1,,,,,,,6,,,,,,,,,,,,,none living at home,,,,,,,,,,,,,,14,,,,,2,1,2,,4,5,6,
195,2,,,,,,,,,,,,,,,,,,,,,,,,,,,,,,,,,,,,,,,,,,,,,,,,,,,,,,,,,,,,,,,,,,,,,,,,,,,,,,
198,2,6,1,1,3,1,,Panara Bread,Cookout,McDonalds,Applebees,KFC,2,2,1,2,1,1,1,1,3,,2,3,2,2,1,1,0,2,3,5,2,,,,3,,,,,Claims processor,,,,,,,,8,9,,Karate,1,,,,,,,8,,,,,13,14,15,16,17,,3,1,2,3,,5,,
199,2,4,1,1,1,1,,dante's,burger king,wendys,arbys,mcdonalds,1,1,1,1,1,1,1,1,1,,2,2,1,1,,,,2,3,2,2,,,,,,,,7,unemployed,,,,,,,,,,,,1,,3,,5,6,,,9,,,,,14,,,,,1,,,,,,,
202,2,2,1,1,2,2,,Peking Restaurant,Wendy's,McDonalds,Ruby Tuesday,,2,1,1,2,1,2,2,1,2,,1,4,1,1,0,0,0,1,1,1,2,None,,,,,,,7,Retired,,,,,,,,,,,No children at home,1,,,,,,,,,,,,,14,15,16,17,,1,,,,,,,
204,2,,,,,,,,,,,,,,,,,,,,,,,,,,,,,,,,,,,,,,,,,,,,,,,,,,,,,,,,,,,,,,,,,,,,,,,,,,,,,,
205,2,5,1,1,3,1,,Taco Bell,McDonalds,Wendys,Buffalo Wild Wings,Chipotle,2,2,1,2,1,2,2,2,3,,1,2,2,2,0,0,0,2,3,2,2,,,,,,,6,,,,,,,,,,,,,Don't have children,,,,,,,,,,,,,,14,,,,Reading,2,1,2,3,,5,,
206,2,5,1,1,2,3,,McDonalds,Kentucky Fried Chicken,,,,2,3,1,1,1,3,3,2,4,,2,3,1,3,,,,2,4,3,2,,,,,,,,7,Process Server,,,,,,,,,,,,,,,,,,,,9,,11,,,14,,,,,1,,,,,,,
210,1,,,,,,,,,,,,,,,,,,,,,,,,,,,,,,,,,,,,,,,,,,,,,,,,,,,,,,,,,,,,,,,,,,,,,,,,,,,,,,
212,2,7,1,1,1,1,,,,,,,1,1,1,1,1,1,1,1,4,,,,,,,,,,,,,,,,,,,,,,,,,,,,,,,,,,,,,,,,,,,,,,,,,,,,,,,,,,
216,2,1,6,1,1,3,,Chic-Fil-a,Panera,Olive Garden,O'Charley's,Burger King,3,2,2,3,1,3,3,2,2,,1,2,1,1,0,0,0,2,2,2,3,,,,,,5,,,,,,,,,,,,,,,,,,,5,,,,,,,,,14,,,,,2,1,2,3,,5,,
217,2,2,3,1,1,2,,Chick A Fila,KFC,O'Charley's,McDonald's,Firehouse Sub,1,1,1,2,1,1,2,2,2,,1,3,1,1,0,0,0,2,4,2,2,,,,,,5,,,,,,,,,,,,,,,1,,,,,,,8,,,,,13,14,,16,17,bowling,2,1,2,,4,5,,
222,2,,,,,,,,,,,,,,,,,,,,,,,,,,,,,,,,,,,,,,,,,,,,,,,,,,,,,,,,,,,,,,,,,,,,,,,,,,,,,,
225,2,7,1,4,2,3,,Joe's Out Bon Air,Maldini's,Frank's Ristorante,Outback Steakhouse,Belle Vie,3,2,3,2,1,1,1,2,2,,2,4,2,2,0,0,0,2,2,2,2,,,,,,,6,,retail sales,,,,,,,,,,,no children living at home,,2,,,,,,,,,,,,,,,,reading,1,,,,,,,
236,2,6,,1,4,3,,Mcdonalds,Wendy's,taco bell,burger king,KFC,5,2,1,5,1,3,5,2,3,,1,3,3,2,2,0,2,3,2,3,4,,,,,,,,7,registered nurse,,2,,,5,,,8,,,,,,3,,,,,,,10,,,,,,,17,,2,1,2,,4,5,6,
248,2,,,,,,,,,,,,,,,,,,,,,,,,,,,,,,,,,,,,,,,,,,,,,,,,,,,,,,,,,,,,,,,,,,,,,,,,,,,,,,
253,2,6,6,1,1,2,,Applebees,Ocharlies,Con Papa Grande,Burger King,Chillis,2,2,1,3,1,1,1,1,3,,1,2,2,2,1,0,0,3,2,2,2,,,2,,,,,,Interpreter,1,,,,,,,,,,,,,,,,,,,,,,,,14,,,17,,1,,,,,,,
254,2,4,5,1,1,2,,Vietnam Gardens,Subway,Little Szechuan,Chicken Fiesta,,2,1,1,1,1,1,1,1,2,,1,3,3,2,,2,,3,3,2,1,,,,,,,,7,Healthcare professional,,,,,5,6,7,8,9,,,,,3,,5,6,,8,,10,11,,,,,16,,,1,,,,,,,
257,2,,,,,,,,,,,,,,,,,,,,,,,,,,,,,,,,,,,,,,,,,,,,,,,,,,,,,,,,,,,,,,,,,,,,,,,,,,,,,,
260,1,,,,,,,,,,,,,,,,,,,,,,,,,,,,,,,,,,,,,,,,,,,,,,,,,,,,,,,,,,,,,,,,,,,,,,,,,,,,,,
267,1,,,,,,,,,,,,,,,,,,,,,,,,,,,,,,,,,,,,,,,,,,,,,,,,,,,,,,,,,,,,,,,,,,,,,,,,,,,,,,
2,2,,,,,,,,,,,,,,,,,,,,,,,,,,,,,,,,,,,,,,,,,,,,,,,,,,,,,,,,,,,,,,,,,,,,,,,,,,,,,,
3,2,2,6,,,2,,Applebees,Subways,Papa Johns,Johnny Rocket,McDonalds,2,1,1,2,1,1,1,1,3,,1,1,1,2,,,1,1,2,3,2,,,,,,,6,,,,,,,,6,,,,10,,,,,,5,,,,,,,12,,14,15,,,,1,,,,,,,
13,2,3,6,1,1,1,,sino-american,anna's italian kitchen & restaurant,cracker barrel,olive garden,,1,1,1,1,1,2,2,1,3,,1,3,1,2,0,0,1,2,4,2,1,,,,,,,,7,customer service,,,,,,6,7,8,,,,,,,,,6,,8,,,,,,,,,,"various crafts like knitting, crocheting, sewing",5,1,,,4,,,
18,2,6,1,1,2,3,,pizza hut,dragon garden,marrios pizza,mcdonalds,mcdonalds,1,1,1,1,1,1,1,1,1,,1,2,1,2,two,none,none,1,2,1,1,,,,,,,6,,stay at home mom,,,,,,6,,8,,,"walking, excercise class",,,,,,,,,,,,,,,,,17,"walking ,excercise class",3,,2,,,,6,
31,2,3,5,1,2,2,,Cheddars,Applebees,Chick Filet,McDonalds,Taco Bell,3,2,1,1,2,2,2,2,2,,2,3,2,2,0,0,0,2,4,2,2,,,,,,5,,,,,,,,,,,,,,,,,3,,,,,8,,,,,,,,,,,2,1,,,4,,,
43,2,4,1,1,4,6,,Teasty Freeze,McDonalds,Burger King,Wendy's,Hardee's,1,1,1,2,1,1,1,1,2,Cleanliness,2,2,1,2,0,0,1,1,3,2,1,,,,3,,,,,Private Security,,,,,,,,,,,,,,,4,,,,8,9,10,,,,14,,16,,Archrey,1,,,,,,,
53,2,7,1,1,1,2,,McDonalds,Burger King,Dominos,,,1,2,2,4,2,3,3,1,5,,1,3,2,1,,,,1,4,2,2,,,,,,,,7,,,,,,,,,,,,,,,,,,,,8,,,,,,,,,,,1,,,,,,,
61,2,5,1,1,1,3,,McDonalds,Costco food court,Cracker Barrel,Freda's (local Mexican restaurant),Chef Lee (local Chinese restaurant),2,2,1,2,2,1,2,1,2,,1,3,1,1,0,15,0,1,4,2,2,,,,,,,6,,,,,,,,,,,,,"hunting, fishing, horseback riding, photography",1,,,,,6,,,,,11,,,,,16,,"exercise, cooking, crafts, photography",1,,,,,,,
67,1,,,,,,,,,,,,,,,,,,,,,,,,,,,,,,,,,,,,,,,,,,,,,,,,,,,,,,,,,,,,,,,,,,,,,,,,,,,,,,
70,2,,,,,,,,,,,,,,,,,,,,,,,,,,,,,,,,,,,,,,,,,,,,,,,,,,,,,,,,,,,,,,,,,,,,,,,,,,,,,,
72,1,,,,,,,,,,,,,,,,,,,,,,,,,,,,,,,,,,,,,,,,,,,,,,,,,,,,,,,,,,,,,,,,,,,,,,,,,,,,,,
78,2,7,1,1,2,2,,Logan's,Cook Out,,,,3,1,1,2,1,1,1,2,2,,1,3,1,2,,1,1,2,2,2,2,,,,,,,6,,,1,,,,,6,,,,,,,,,,,6,,8,9,,,12,,14,,,,,4,1,,,4,,,
79,2,2,6,1,2,1,,Chick Fil A,Panera Bread,Hibachi Grill,Cracker Barrel,Firehouse Subs,2,3,2,4,1,3,3,2,3,,2,1,2,2,0,0,0,3,3,2,3,,,,,,5,,,,,,,,,,,,,,,,,,,,,,,,,,,,14,15,,,Basketball,1,,,,,,,
92,2,7,1,1,2,1,,Long John Silver's,Subway,Little Caesar's,Captain Tom's,,2,1,1,2,1,1,2,1,2,,1,2,1,2,1,1,0,2,3,1,1,,,,,,,6,,,,,,,5,,,8,,,,,,3,,,,,,,,,,,,,,17,,2,1,,,4,,6,
101,1,,,,,,,,,,,,,,,,,,,,,,,,,,,,,,,,,,,,,,,,,,,,,,,,,,,,,,,,,,,,,,,,,,,,,,,,,,,,,,
106,2,5,1,1,3,6,,O'Charleys,McDonalds,Red Lobster,,,3,2,1,1,1,1,1,1,1,,2,4,1,2,,,,3,1,1,2,,,,,4,,,,Photographer,,,,,,,,,,,,1,,,,,6,,8,,10,,12,,14,,,,Landscape photography,5,,,,4,,,
109,2,4,1,5,1,1,,El Vaquero West,Happy Garden,Cracker Barrel,Olive Garden,Buffalo Wild Wings,2,2,1,2,1,2,2,1,3,,1,1,3,2,1,3,1,2,3,2,1,,,,,,,6,,Student,1,,,,,6,,,,10,,,,,,,,,,9,,,,,,15,,,,1,,,,,,,
110,2,1,5,2,1,1,,Pappaduax,Applebees,Fridays,Cheesecake Factory,Texas Day Brazil,1,1,1,1,1,1,1,3,3,,1,2,2,2,2,1,,2,3,4,2,,,,,,,,7,,,,,,5,6,,8,,,,1,,,,,,,,,,,,,,,,17,,2,,2,3,4,,,
116,2,3,1,4,1,1,,chick fila,china taste,,,,3,1,1,1,1,1,2,1,3,,1,1,1,1,,,,1,4,2,1,,,,,,,,7,student,,,,,,,,,,,,,,,,5,,,,,,,,,14,15,,,,2,,2,,,5,,
122,2,3,6,1,1,1,,California Pizza Kitchen,Olive Garden,IHOP,T.G.I. Friday's,Roma,2,2,1,2,1,2,2,3,3,,,,,,,,,,,,,,,,,,,,,,,,,,,,,,,,,,,,,,,,,,,,,,,,,,,,,,,,,,
130,2,4,5,1,1,1,,Chik Fil-A,Chipotle,Texas Roadhouse,,,3,2,2,2,1,1,2,1,3,,1,3,1,2,0,0,0,2,3,2,1,None,,,,,,,7,Beauty Professional,,,,,,,,,,,,,,,,,,,,,,,12,,,,,,Sewing,1,,,,,,,
137,2,4,3,1,3,2,,Wendy's,City Diner,Quizno's,Sticky Rice,Chipotle,2,2,1,3,1,3,3,2,3,,1,1,1,1,0,0,0,3,3,5,3,,,,,,,,7,Petcare Associate,,,,,,,,,,,I don't have children,,,3,,5,6,,,,,,,,14,,16,,Rock climbing and repelling,1,,,,,,,
139,2,1,1,1,1,1,,ddddddddd,ddddddddddddddddd,wwwwwwwww,qqqqqqqqqqqqq,qqqqqqqqqqqqqqqqqqqqq,2,2,2,2,2,2,2,2,2,,1,3,3,1,0,0,0,2,2,2,2,vvvvvvvvvvv,,,3,,,,,ffffffff,1,,,,,,,,,,,,,,,,,,,,,,12,,,,,,,5,,2,,,,6,
145,2,6,1,1,2,2,,Shoney's,O'Charley's,Genghis Grill,Friendly's,Ruby Tuesday,2,2,1,2,1,1,1,1,2,,1,3,2,2,0,0,2,2,2,2,2,,,,,,,6,,,,,,,,,,8,,,,,,,,,,,,,,,,,14,,16,,"Reading, Cooking, Crafts",4,1,2,3,,5,,
147,2,,,,,,,,,,,,,,,,,,,,,,,,,,,,,,,,,,,,,,,,,,,,,,,,,,,,,,,,,,,,,,,,,,,,,,,,,,,,,,
150,2,7,1,1,2,1,,hon kong,wendy's,mcdonld's,subway,captain d's,2,1,1,1,1,1,1,1,2,,1,2,1,2,0,0,0,1,4,3,1,,,,,,,6,,,,,,,,,,,,,none,1,,,,,,,,,,,,,14,15,,,,3,1,,,,,,
157,2,4,1,1,3,3,,chick fila,mcdonals,wendys,jimmy johns,chiptole,1,1,1,1,2,2,2,2,2,,2,2,2,2,1,0,0,1,1,1,1,,,,,,,,7,admin,,2,,,,,,8,9,,,1,,,,,,7,,,,,,,14,15,16,17,,3,,2,,4,,,
162,2,7,6,1,2,1,,qdoba,panera,tropical acres,athenas,fidays,2,2,1,1,1,1,1,1,2,,1,3,2,2,0,0,0,2,3,2,1,,,,,,,,7,bank teller,,,,,,,,,,,,,,3,,,,,,,,,,,14,,,,,3,1,,,,,,
165,2,,,,,,,,,,,,,,,,,,,,,,,,,,,,,,,,,,,,,,,,,,,,,,,,,,,,,,,,,,,,,,,,,,,,,,,,,,,,,,
167,2,,,,,,,,,,,,,,,,,,,,,,,,,,,,,,,,,,,,,,,,,,,,,,,,,,,,,,,,,,,,,,,,,,,,,,,,,,,,,,
169,2,1,3,1,4,1,,chpotle,wendys,kfc,,,1,1,2,1,1,1,1,1,3,,1,4,1,2,,,,1,4,2,1,,,,3,,,,,,,,,,,,,,,,,,,3,,,,,,,,11,,,,,,,,1,,,,,,,
174,2,5,1,1,4,3,,taco bell,mcdonalds,pizza hut,red robin,dominos,1,1,1,2,1,1,1,1,1,,1,1,2,2,0,1,2,1,1,2,2,,,,,,,,7,student,,,,,,,,,,,baseball,,,,,,,,,9,,,,,14,,16,,,1,,,,,,,
187,2,4,1,1,5,1,,Cracker Barrel,Chic Fil A,Arby's,Olive Garden,Sonic,1,1,1,2,1,1,1,1,2,,1,3,2,2,0,0,0,2,4,2,2,,,,,,,6,,,,,,,,,,,,,,1,,,,,,,8,,,,,,,,,17,,1,,,,,,,
193,2,7,1,1,2,1,,APPLEBEE'S,SHONEY'S,LOWERY'S,RED LOBSTER,LONE STAR,1,1,1,1,1,1,1,1,1,,1,3,2,1,NONE,NONE,NONE,2,2,1,1,,,,,,,6,,SOON WILL BE LOOKING FOR JOB IN BILLING AND CODING,,,,,,,,,,,NO CHILDREN AT HOME,,,,,,,,,,,,,,14,,,,"CRAFTS, READING, WALKING ON TREADMILL",4,1,2,,,,,
213,2,7,1,1,1,1,,The Corner,Lees,Olivias,,,1,2,1,2,1,1,1,1,1,,1,3,2,2,,,,2,4,2,2,,,,,,,6,,retired,,,,,,,,,,,na,,,,,,,,8,,,,,,,,,,,1,,,,,,,
215,2,,,,,,,,,,,,,,,,,,,,,,,,,,,,,,,,,,,,,,,,,,,,,,,,,,,,,,,,,,,,,,,,,,,,,,,,,,,,,,
227,2,6,1,1,1,3,,Ruby Tuesday,Anderson's Garden Cafe,,,,2,2,2,2,1,2,1,1,3,,1,3,2,3,0,0,1,2,4,2,1,,,,,,,,7,state government,,,,,,,,,,,computer programming,,,,,,,,,,,,12,,,,,,reading,1,,,,,,,
235,1,,,,,,,,,,,,,,,,,,,,,,,,,,,,,,,,,,,,,,,,,,,,,,,,,,,,,,,,,,,,,,,,,,,,,,,,,,,,,,
241,2,4,5,5,5,1,,Chipotle,Panera,Starbucks,Cheesecake Factory,Canes,1,1,1,1,1,1,1,1,1,,1,1,3,2,0,0,1,1,1,1,1,,,,,4,,,,none,,,,,,,,,,,none,,,3,,5,6,7,,,,,12,,,,,,,1,,,,,,,
250,2,3,6,1,1,1,,Subway,Chick-Fil-A,Arby's,McDonald's,Wendy's,1,3,1,5,1,5,3,1,5,,2,3,1,1,0,0,0,1,4,2,2,,,,,,5,,,,,,,,,,,,,,Don't have children,1,,,,,,7,,9,10,,,,,,,,,2,1,,3,,,6,
255,2,2,4,2,1,3,,ruby tuesday,CiCi's Pizza,burger king,mcDonalds,,2,2,1,2,1,2,2,2,3,,2,3,2,1,0,0,0,2,3,2,2,,,2,,,,,,,,,,,,,,,,,,,,,,,6,,,,,,,,,,16,,,2,1,,3,4,5,6,
258,2,7,1,1,1,1,,apple bees,,,,,1,1,1,1,1,1,1,1,1,,2,2,1,1,0,,,2,4,2,2,,,,,,5,,,,1,,,,,,,,,,,,2,,,5,,,,,,,,,,,,,,1,,,,,,,
264,1,,,,,,,,,,,,,,,,,,,,,,,,,,,,,,,,,,,,,,,,,,,,,,,,,,,,,,,,,,,,,,,,,,,,,,,,,,,,,,
189,1,,,,,,,,,,,,,,,,,,,,,,,,,,,,,,,,,,,,,,,,,,,,,,,,,,,,,,,,,,,,,,,,,,,,,,,,,,,,,,
